person_id,name
https://openalex.org/A5050115521,Alejandro Barredo Arrieta
https://openalex.org/A5058176171,Natalia Díaz-Rodríguez
https://openalex.org/A5017326471,Javier Del Ser
https://openalex.org/A5023588408,Adrien Bennetot
https://openalex.org/A5057876711,Siham Tabik
https://openalex.org/A5064011907,Alberto Barbado
https://openalex.org/A5078909305,Salvador García
https://openalex.org/A5019181050,Sergio Gil-López
https://openalex.org/A5070068995,Daniel Molina
https://openalex.org/A5083664336,Richard Benjamins
https://openalex.org/A5114376610,Raja Chatila
https://openalex.org/A5045016749,Francisco Herrera
https://openalex.org/A5101465106,Lijia Chen
https://openalex.org/A5100748906,Pingping Chen
https://openalex.org/A5033268753,Zhijian Lin
https://openalex.org/A5048622877,Yogesh K. Dwivedi
https://openalex.org/A5072512285,Laurie Hughes
https://openalex.org/A5033472055,Elvira Ismagilova
https://openalex.org/A5027512483,Gert Aarts
https://openalex.org/A5018731131,Crispin Coombs
https://openalex.org/A5015452463,Tom Crick
https://openalex.org/A5032994640,Yanqing Duan
https://openalex.org/A5070017829,Rohita Dwivedi
https://openalex.org/A5007695310,John S. Edwards
https://openalex.org/A5000411910,Aled Eirug
https://openalex.org/A5015685463,Vassilis Galanos
https://openalex.org/A5004125306,P. Vigneswara Ilavarasan
https://openalex.org/A5062073470,Marijn Janssen
https://openalex.org/A5080152304,Paul Jones
https://openalex.org/A5061235109,Arpan Kumar Kar
https://openalex.org/A5037522059,Hatice Kizgin
https://openalex.org/A5037724665,Bianca Kronemann
https://openalex.org/A5103045218,Banita Lal
https://openalex.org/A5003777616,Biagio Lucini
https://openalex.org/A5003475331,Rony Medaglia
https://openalex.org/A5059234800,Kenneth Le Meunier‐FitzHugh
https://openalex.org/A5076965699,Leslie Caroline Le Meunier-FitzHugh
https://openalex.org/A5018760782,Santosh K. Misra
https://openalex.org/A5082000265,Emmanuel Mogaji
https://openalex.org/A5037836435,Sujeet Kumar Sharma
https://openalex.org/A5040405430,Jang Bahadur Singh
https://openalex.org/A5050603102,Vishnupriya Raghavan
https://openalex.org/A5072261829,Ramakrishnan Raman
https://openalex.org/A5034248834,Nripendra P. Rana
https://openalex.org/A5033216620,Spyridon Samothrakis
https://openalex.org/A5016998336,Jak Spencer
https://openalex.org/A5008267619,Kuttimani Tamilmani
https://openalex.org/A5070089201,Annie Tubadji
https://openalex.org/A5109157215,Paul Walton
https://openalex.org/A5002569790,Michael D. Williams
https://openalex.org/A5100760218,Zhi Zhou
https://openalex.org/A5100385692,Xu Chen
https://openalex.org/A5100738931,En Li
https://openalex.org/A5055161955,Liekang Zeng
https://openalex.org/A5063549704,Ke Luo
https://openalex.org/A5027033026,Junshan Zhang
https://openalex.org/A5006145895,Sebastian Raisch
https://openalex.org/A5088732694,Sebastian Krakowski
https://openalex.org/A5046303624,Sajid Ali
https://openalex.org/A5023828527,Tamer Abuhmed
https://openalex.org/A5052265483,Shaker El–Sappagh
https://openalex.org/A5101632716,Khan Muhammad
https://openalex.org/A5056892202,José M. Alonso
https://openalex.org/A5070433751,Roberto Confalonieri
https://openalex.org/A5091251187,Riccardo Guidotti
https://openalex.org/A5091447736,Ştefan Popenici
https://openalex.org/A5063991201,Sharon Kerr
https://openalex.org/A5032778716,Helen Crompton
https://openalex.org/A5045059551,Diane Burke
https://openalex.org/A5021842384,Sébastien Bubeck
https://openalex.org/A5009092703,Varun Chandrasekaran
https://openalex.org/A5011758954,Ronen Eldan
https://openalex.org/A5023537206,Johannes Gehrke
https://openalex.org/A5043228682,Eric Horvitz
https://openalex.org/A5028114802,Ece Kamar
https://openalex.org/A5100354178,Peter Lee
https://openalex.org/A5024980585,Yin Tat Lee
https://openalex.org/A5070340856,Yuanzhi Li
https://openalex.org/A5024995037,Scott Lundberg
https://openalex.org/A5050672320,Harsha Nori
https://openalex.org/A5033846851,Hamid Palangi
https://openalex.org/A5019726734,Marco Túlio Ribeiro
https://openalex.org/A5100388053,Yi Zhang
https://openalex.org/A5077430497,Kai Guo
https://openalex.org/A5072747890,Zhenze Yang
https://openalex.org/A5030291958,Chi‐Hua Yu
https://openalex.org/A5011504360,Markus J. Buehler
https://openalex.org/A5013460714,Ido Roll
https://openalex.org/A5041483607,Ruth Wylie
https://openalex.org/A5024515720,Robert Challen
https://openalex.org/A5070908224,Joshua C. Denny
https://openalex.org/A5060599004,Martin Pitt
https://openalex.org/A5057387321,Luke Gompels
https://openalex.org/A5033339412,Krasimira Tsaneva‐Atanasova
https://openalex.org/A5060017621,Shuai Zhao
https://openalex.org/A5039395705,Frede Blaabjerg
https://openalex.org/A5036180789,Huai Wang
https://openalex.org/A5050907956,Pei Wang
https://openalex.org/A5077087618,Xuesong Zhai
https://openalex.org/A5068082407,Xiaoyan Chu
https://openalex.org/A5035167001,Ching Sing Chai
https://openalex.org/A5052907090,Morris Siu–Yung Jong
https://openalex.org/A5002666373,Andreja Istenič Starčič
https://openalex.org/A5022345679,Michael Spector
https://openalex.org/A5076981458,Jia‐Bao Liu
https://openalex.org/A5079934631,Yuan Jing
https://openalex.org/A5042356208,Yan Li
https://openalex.org/A5039480864,Plamen Angelov
https://openalex.org/A5068590850,Eduardo Soares
https://openalex.org/A5083182498,Richard Jiang
https://openalex.org/A5060967387,Nicholas I. Arnold
https://openalex.org/A5000622487,Peter M. Atkinson
https://openalex.org/A5084363234,Kristof T. Schütt
https://openalex.org/A5020705170,Huziel E. Sauceda
https://openalex.org/A5031762940,Pieter-Jan Kindermans
https://openalex.org/A5026929463,Alexandre Tkatchenko
https://openalex.org/A5112005638,K. Müller
https://openalex.org/A5058666219,Nassim Abderrahmane
https://openalex.org/A5035155914,Edgar Lemaire
https://openalex.org/A5080472332,Benoît Miramond
https://openalex.org/A5021144196,Jana Lipková
https://openalex.org/A5054665212,Richard J. Chen
https://openalex.org/A5100675173,Bowen Chen
https://openalex.org/A5074001163,Ming Y. Lu
https://openalex.org/A5075489954,Matteo Barbieri
https://openalex.org/A5036791766,Daniel Shao
https://openalex.org/A5023061511,Anurag Vaidya
https://openalex.org/A5032079635,Chengkuan Chen
https://openalex.org/A5067998904,Luoting Zhuang
https://openalex.org/A5050925115,Drew F. K. Williamson
https://openalex.org/A5011079056,Muhammad Shaban
https://openalex.org/A5026537267,Tiffany Chen
https://openalex.org/A5080050834,Faisal Mahmood
https://openalex.org/A5031295052,Scott Thiebes
https://openalex.org/A5043714124,Sebastian Lins
https://openalex.org/A5058513170,Ali Sunyaev
https://openalex.org/A5051135490,Shiwanshu Kumar
https://openalex.org/A5002759654,Ravi Tomar
https://openalex.org/A5101796118,Eric Zhou
https://openalex.org/A5088913516,Dokyun Lee
https://openalex.org/A5073584416,Yuri Nakao
https://openalex.org/A5078448594,Lorenzo Strappelli
https://openalex.org/A5014846205,Simone Stumpf
https://openalex.org/A5103239229,Aisha Naseer
https://openalex.org/A5011035709,Daniele Regoli
https://openalex.org/A5071000038,Giulia Del Gamba
https://openalex.org/A5069043772,Vedran Dunjko
https://openalex.org/A5009007803,Hans J. Briegel
https://openalex.org/A5013843256,Ilie Gligorea
https://openalex.org/A5073015915,Marius Cioca
https://openalex.org/A5016968256,Romana Oancea
https://openalex.org/A5001178845,Andra-Teodora Gorski
https://openalex.org/A5090235827,Hortensia Gorski
https://openalex.org/A5025120190,Paul Tudorache
https://openalex.org/A5028889888,Thomas A. R. Purcell
https://openalex.org/A5067145443,Matthias Scheffler
https://openalex.org/A5089680948,Luca M. Ghiringhelli
https://openalex.org/A5055272851,Christian Carbogno
https://openalex.org/A5012787401,Morgan R. Frank
https://openalex.org/A5029839974,David Autor
https://openalex.org/A5039127783,James Bessen
https://openalex.org/A5038255653,Erik Brynjolfsson
https://openalex.org/A5017095669,Manuel Cebrián
https://openalex.org/A5109473006,David Deming
https://openalex.org/A5006784703,Maryann P. Feldman
https://openalex.org/A5042355795,Matthew Groh
https://openalex.org/A5022698727,José Lobo
https://openalex.org/A5088539840,Esteban Moro
https://openalex.org/A5002041772,Dashun Wang
https://openalex.org/A5025745021,Hyejin Youn
https://openalex.org/A5009232244,Iyad Rahwan
https://openalex.org/A5111568766,Frank Levy
https://openalex.org/A5091397663,Richard J. Murnane
https://openalex.org/A5013327637,Christoph Bartneck
https://openalex.org/A5072377971,Dana Kulić
https://openalex.org/A5035882135,Elizabeth A. Croft
https://openalex.org/A5064724661,Susana Zoghbi
https://openalex.org/A5030092162,Emilio Calvano
https://openalex.org/A5082323302,Giacomo Calzolari
https://openalex.org/A5029036509,Vincenzo Denicolò
https://openalex.org/A5007776666,Sergio Pastorello
https://openalex.org/A5019737566,Sebastian Gregor Bouschery
https://openalex.org/A5047249173,Vera Blažević
https://openalex.org/A5062193230,Frank T. Piller
https://openalex.org/A5068475055,Yuchen Jiang
https://openalex.org/A5100430478,Xiang Li
https://openalex.org/A5087736924,Hao Luo
https://openalex.org/A5069744156,Shen Yin
https://openalex.org/A5066257732,Okyay Kaynak
https://openalex.org/A5028466190,Reabal Najjar
https://openalex.org/A5085704796,Kyoungwon Seo
https://openalex.org/A5088440487,Joice Tang
https://openalex.org/A5071585967,Sidney Fels
https://openalex.org/A5028316272,Dongwook Yoon
https://openalex.org/A5079052203,Khaled B. Letaief
https://openalex.org/A5022499594,Yuanming Shi
https://openalex.org/A5108531824,Jianmin Lu
https://openalex.org/A5072435188,Jianhua Lu
https://openalex.org/A5059261666,Tan Yiğitcanlar
https://openalex.org/A5042580144,Federico Cugurullo
https://openalex.org/A5101503948,Qian Zhang
https://openalex.org/A5100675577,Jie Lü
https://openalex.org/A5032314861,Yaochu Jin
https://openalex.org/A5058485387,Sonali Chhabra
https://openalex.org/A5014021452,Sunil Kumar
https://openalex.org/A5050982370,Raman Parkesh
https://openalex.org/A5013721295,Iain Cockburn
https://openalex.org/A5102871257,Rebecca Henderson
https://openalex.org/A5059686380,Scott Stern
https://openalex.org/A5048705228,Shanaka Kristombu Baduge
https://openalex.org/A5056656414,Sadeep Thilakarathna
https://openalex.org/A5022559945,Jude Shalitha Perera
https://openalex.org/A5008300007,Mehrdad Arashpour
https://openalex.org/A5088498777,P. Sharafi
https://openalex.org/A5004838512,Bertrand Teodosio
https://openalex.org/A5045729963,Ankit Shringi
https://openalex.org/A5089286473,Priyan Mendis
https://openalex.org/A5017837767,Arnaud De Bruyn
https://openalex.org/A5083338507,Vijay Viswanathan
https://openalex.org/A5051548449,Yean Shan Beh
https://openalex.org/A5071810855,Jürgen Kai‐Uwe Brock
https://openalex.org/A5060761466,Florian von Wangenheim
https://openalex.org/A5046530261,Jeremy Knox
https://openalex.org/A5108647955,A.D. Semenov
https://openalex.org/A5027819738,Peter D. Turney
https://openalex.org/A5041476585,Patrick Pantel
https://openalex.org/A5089520284,Thomas T. Hills
https://openalex.org/A5070856464,Peter M. Todd
https://openalex.org/A5013670125,David Lazer
https://openalex.org/A5030006518,A. David Redish
https://openalex.org/A5008389022,Iain D. Couzin
https://openalex.org/A5016309170,Ricardo Silva Peres
https://openalex.org/A5043519647,Xiaodong Jia
https://openalex.org/A5100686648,Jay Lee
https://openalex.org/A5055368670,Keyi Sun
https://openalex.org/A5047609699,Armando Walter Colombo
https://openalex.org/A5071443910,José Barata
https://openalex.org/A5055856506,Pawan Budhwar
https://openalex.org/A5067653484,Soumyadeb Chowdhury
https://openalex.org/A5034762665,Geoffrey Wood
https://openalex.org/A5067660877,Herman Aguinis
https://openalex.org/A5018194210,Greg J. Bamber
https://openalex.org/A5044503602,Jose R. Beltran
https://openalex.org/A5023651869,Paul Boselie
https://openalex.org/A5025486785,Fang Lee Cooke
https://openalex.org/A5064172786,Stephanie Decker
https://openalex.org/A5065954019,Angelo S. DeNisi
https://openalex.org/A5046908030,Prasanta Kumar Dey
https://openalex.org/A5091214938,David Guest
https://openalex.org/A5066797749,Andrew J. Knoblich
https://openalex.org/A5081370774,Jaap Paauwe
https://openalex.org/A5006679927,Savvas Papagiannidis
https://openalex.org/A5088161716,Charmi Patel
https://openalex.org/A5069901933,Vijay Pereira
https://openalex.org/A5084581187,Shuang Ren
https://openalex.org/A5000877507,Steven G. Rogelberg
https://openalex.org/A5054244780,Mark N. K. Saunders
https://openalex.org/A5014893902,Rosalie L. Tung
https://openalex.org/A5005292478,Arup Varma
https://openalex.org/A5100767396,Haochen Hua
https://openalex.org/A5100349725,Yutong Li
https://openalex.org/A5101737763,Tonghe Wang
https://openalex.org/A5025365324,Nanqing Dong
https://openalex.org/A5100318462,Wei Li
https://openalex.org/A5003512698,Junwei Cao
https://openalex.org/A5078836038,Hyunsoo Park
https://openalex.org/A5092401150,Anthony Onwuli
https://openalex.org/A5035797693,Aron Walsh
https://openalex.org/A5022581666,Mario Krenn
https://openalex.org/A5064016511,Robert Pollice
https://openalex.org/A5030455114,Si Yue Guo
https://openalex.org/A5056535696,Matteo Aldeghi
https://openalex.org/A5031306679,Alba Cervera-Lierta
https://openalex.org/A5052771582,Pascal Friederich
https://openalex.org/A5048633127,Gabriel dos Passos Gomes
https://openalex.org/A5015637398,Florian Häse
https://openalex.org/A5019436022,Adrián Jinich
https://openalex.org/A5029665492,AkshatKumar Nigam
https://openalex.org/A5014141631,Zhenpeng Yao
https://openalex.org/A5071495561,Alán Aspuru‐Guzik
https://openalex.org/A5051063958,Iván Contreras
https://openalex.org/A5069860044,Josep Vehı́
https://openalex.org/A5023904997,Eduardo Habib Bechelane Maia
https://openalex.org/A5107905185,Letícia C. Assis
https://openalex.org/A5004492454,Tiago Alves de Oliveira
https://openalex.org/A5014780974,Alisson Marques da Silva
https://openalex.org/A5032625673,Alex Gutterres Taranto
https://openalex.org/A5045245219,Sandeep Singh Sengar
https://openalex.org/A5056590849,Affan Bin Hasan
https://openalex.org/A5100741896,Sanjay Kumar
https://openalex.org/A5066690479,Fiona Carroll
https://openalex.org/A5075734877,Adrián Carballal
https://openalex.org/A5029805925,Nereida Rodríguez-Fernández
https://openalex.org/A5006102427,Iria Santos
https://openalex.org/A5050096773,Juan Romero
https://openalex.org/A5010265149,Jorge Arinez
https://openalex.org/A5001339425,Qing Chang
https://openalex.org/A5060566070,Robert X. Gao
https://openalex.org/A5038778697,Chengying Xu
https://openalex.org/A5075712660,Jianjing Zhang
https://openalex.org/A5038877365,Ben Goertzel
https://openalex.org/A5059082898,Mohammad Jamshidi
https://openalex.org/A5069159279,Ali Lalbakhsh
https://openalex.org/A5026754295,Jakub Talla
https://openalex.org/A5048057355,Zdeněk Peroutka
https://openalex.org/A5087450993,Farimah Hadjilooei
https://openalex.org/A5028781733,Pedram Lalbakhsh
https://openalex.org/A5030247098,Morteza Jamshidi
https://openalex.org/A5026369455,Luigi La Spada
https://openalex.org/A5060485852,Mirhamed Mirmozafari
https://openalex.org/A5068476037,Mojgan Dehghani
https://openalex.org/A5021240085,Asal Sabet
https://openalex.org/A5042721942,Saeed Roshani
https://openalex.org/A5000911580,Sobhan Roshani
https://openalex.org/A5053257512,Nima Bayat-Makou
https://openalex.org/A5039459979,Bahare Mohamadzade
https://openalex.org/A5049114488,Zahra Malek
https://openalex.org/A5042219269,Alireza Jamshidi
https://openalex.org/A5041805549,Sara Kiani
https://openalex.org/A5054054547,Hamed Hashemi‐Dezaki
https://openalex.org/A5068708931,Wahab Mohyuddin
https://openalex.org/A5010629271,Michael W. Mullowney
https://openalex.org/A5088799398,Katherine Duncan
https://openalex.org/A5039735111,Somayah S. Elsayed
https://openalex.org/A5028170003,Neha Garg
https://openalex.org/A5075156076,Justin J. J. van der Hooft
https://openalex.org/A5088809877,Nathaniel I. Martin
https://openalex.org/A5071656104,David Meijer
https://openalex.org/A5024305342,Barbara R. Terlouw
https://openalex.org/A5036545419,Friederike Biermann
https://openalex.org/A5018360029,Kai Blin
https://openalex.org/A5040003101,Janani Durairaj
https://openalex.org/A5034098867,Marina Gorostiola González
https://openalex.org/A5062139071,Eric J. N. Helfrich
https://openalex.org/A5068532928,Florian Huber
https://openalex.org/A5000083420,Stefan Leopold‐Messer
https://openalex.org/A5017832889,Kohulan Rajan
https://openalex.org/A5057932106,Tristan de Rond
https://openalex.org/A5106945613,Jeffrey A. van Santen
https://openalex.org/A5067480046,Maria Sorokina
https://openalex.org/A5004705409,Marcy J. Balunas
https://openalex.org/A5025174604,Mehdi A. Beniddir
https://openalex.org/A5052134209,Doris A. van Bergeijk
https://openalex.org/A5089294584,Laura M. Carroll
https://openalex.org/A5044233702,Chase M. Clark
https://openalex.org/A5044662284,Djork-Arné Clevert
https://openalex.org/A5061884092,Chris A. Dejong
https://openalex.org/A5082019295,Chao Du
https://openalex.org/A5051244192,Scarlet Ferrinho
https://openalex.org/A5078946433,Francesca Grisoni
https://openalex.org/A5019402051,Albert Hofstetter
https://openalex.org/A5063810062,Willem Jespers
https://openalex.org/A5101632496,Olga V. Kalinina
https://openalex.org/A5003484549,Satria A. Kautsar
https://openalex.org/A5100330218,Hyun Woo Kim
https://openalex.org/A5009980520,Tiago Leão
https://openalex.org/A5053342326,Joleen Masschelein
https://openalex.org/A5003134739,Evan Rees
https://openalex.org/A5077768594,Raphael Reher
https://openalex.org/A5020392456,Daniel Reker
https://openalex.org/A5028051805,Philippe Schwaller
https://openalex.org/A5007543032,Marwin Segler
https://openalex.org/A5045701956,Michael A. Skinnider
https://openalex.org/A5044272398,Allison S. Walker
https://openalex.org/A5060194743,Egon Willighagen
https://openalex.org/A5053048742,Barbara Zdrazil
https://openalex.org/A5058692862,Nadine Ziemert
https://openalex.org/A5073970185,Rebecca J. M. Goss
https://openalex.org/A5075789055,Pierre Guyomard
https://openalex.org/A5057416678,Andrea Volkamer
https://openalex.org/A5078651116,William H. Gerwick
https://openalex.org/A5048072583,Hyun Uk Kim
https://openalex.org/A5077818118,Rolf Müller
https://openalex.org/A5091052284,Gilles P. van Wezel
https://openalex.org/A5088996741,Gerard J. P. van Westen
https://openalex.org/A5082528019,Anna K. H. Hirsch
https://openalex.org/A5015133560,Roger G. Linington
https://openalex.org/A5004798651,Serina L. Robinson
https://openalex.org/A5034845813,Marnix H. Medema
https://openalex.org/A5009459648,Sarah Bankins
https://openalex.org/A5063809924,Anna Carmella Ocampo
https://openalex.org/A5011035488,Mauricio Marrone
https://openalex.org/A5015663807,Simon Lloyd D. Restubog
https://openalex.org/A5065878227,Sang Eun Woo
https://openalex.org/A5062903281,Özlem Özmen Garibay
https://openalex.org/A5058724676,Brent Winslow
https://openalex.org/A5051078868,Salvatore Andolina
https://openalex.org/A5016653929,Margherita Antona
https://openalex.org/A5024970701,Anja Bodenschatz
https://openalex.org/A5001589359,Constantinos K. Coursaris
https://openalex.org/A5052907259,Gregory Falco
https://openalex.org/A5040965331,Stephen M. Fiore
https://openalex.org/A5001663885,Iván Garibay
https://openalex.org/A5007158173,Keri Grieman
https://openalex.org/A5006024485,John C. Havens
https://openalex.org/A5023741875,Marina Jirotka
https://openalex.org/A5009475920,Hernisa Kacorri
https://openalex.org/A5068942141,Waldemar Karwowski
https://openalex.org/A5009147264,Joseph T. Kider
https://openalex.org/A5037387341,Joseph A. Konstan
https://openalex.org/A5069557536,Sean Koon
https://openalex.org/A5062849275,Mónica López-González
https://openalex.org/A5029972430,Iliana Maifeld-Carucci
https://openalex.org/A5030293975,Sean McGregor
https://openalex.org/A5084317374,Gavriel Salvendy
https://openalex.org/A5052623072,Ben Shneiderman
https://openalex.org/A5009270487,Constantine Stephanidis
https://openalex.org/A5051897790,Christina Strobel
https://openalex.org/A5012821517,Carolyn Ten Holter
https://openalex.org/A5022993623,Babu George
https://openalex.org/A5017820645,Ontario S. Wooden
https://openalex.org/A5044141636,Terrence J. Sejnowski
https://openalex.org/A5044434345,Ioannis Antonopoulos
https://openalex.org/A5052097132,Valentin Robu
https://openalex.org/A5042662797,Benoit Couraud
https://openalex.org/A5032444320,Desen Kırlı
https://openalex.org/A5053701656,Sonam Norbu
https://openalex.org/A5067085371,Aristides Kiprakis
https://openalex.org/A5032160199,David Flynn
https://openalex.org/A5016756216,Sergio Elizondo-Gonzalez
https://openalex.org/A5069118782,Steve Wattam
https://openalex.org/A5091500375,Seyedali Mirjalili
https://openalex.org/A5071437793,Seyed Mohammad Mirjalili
https://openalex.org/A5063313173,Andrew Lewis
https://openalex.org/A5033634734,Tianjie Zhao
https://openalex.org/A5115694763,Sheng Wang
https://openalex.org/A5103581948,Chaojun Ouyang
https://openalex.org/A5100714017,Min Chen
https://openalex.org/A5103109240,Chenying Liu
https://openalex.org/A5100405987,Jin Zhang
https://openalex.org/A5113412654,Yu Long
https://openalex.org/A5115695181,Fei Wang
https://openalex.org/A5101682387,Yong Xie
https://openalex.org/A5100362041,Jun Li
https://openalex.org/A5029053811,Wang Fang
https://openalex.org/A5063155550,Sabine Grunwald
https://openalex.org/A5022569738,Bryan M. Wong
https://openalex.org/A5100403590,Fan Zhang
https://openalex.org/A5101199023,Zhen Qian
https://openalex.org/A5103245119,Yongjun Xu
https://openalex.org/A5090943298,Chengqing Yu
https://openalex.org/A5086626922,Wei Han
https://openalex.org/A5101516344,Tao Sun
https://openalex.org/A5056183845,Zezhi Shao
https://openalex.org/A5020332722,Tangwen Qian
https://openalex.org/A5060263237,Jiangyuan Zeng
https://openalex.org/A5109768087,Huai Zhang
https://openalex.org/A5072576421,Husi Letu
https://openalex.org/A5100389658,Bing Zhang
https://openalex.org/A5115695478,Li Wang
https://openalex.org/A5100372684,Lei Luo
https://openalex.org/A5039055794,Chong Shi
https://openalex.org/A5019014062,Hongjun Su
https://openalex.org/A5100657598,Hongsheng Zhang
https://openalex.org/A5014106967,Shuai Yin
https://openalex.org/A5081247356,Ni Huang
https://openalex.org/A5015389773,Wei Zhao
https://openalex.org/A5100747229,Nan Li
https://openalex.org/A5108924522,Chaolei Zheng
https://openalex.org/A5047266050,Yang Zhou
https://openalex.org/A5001246465,Changping Huang
https://openalex.org/A5066433882,Defeng Feng
https://openalex.org/A5100763748,Qingsong Xu
https://openalex.org/A5120391409,Yan Wu
https://openalex.org/A5075013625,Danfeng Hong
https://openalex.org/A5100344954,Zhenyu Wang
https://openalex.org/A5059026057,Yinyi Lin
https://openalex.org/A5071506673,Tangtang Zhang
https://openalex.org/A5100452931,Prashant Kumar
https://openalex.org/A5054292278,Antonio Plaza
https://openalex.org/A5106124934,Jocelyn Chanussot
https://openalex.org/A5028980812,Jiabao Zhang
https://openalex.org/A5074231572,Jiancheng Shi
https://openalex.org/A5040945574,Lizhe Wang
https://openalex.org/A5065953780,Yujie You
https://openalex.org/A5010224302,Xin Lai
https://openalex.org/A5101465265,Yi Pan
https://openalex.org/A5024401909,Huiru Zheng
https://openalex.org/A5067743298,Julio Vera
https://openalex.org/A5081639692,Suran Liu
https://openalex.org/A5004289873,Senyi Deng
https://openalex.org/A5100350625,Le Zhang
https://openalex.org/A5003487318,Edward L. Thorndike
https://openalex.org/A5085352512,Sayed Fayaz Ahmad
https://openalex.org/A5088914363,Mohd Khairil Rahmat
https://openalex.org/A5006487499,Muhammad Shujaat Mubarik
https://openalex.org/A5080030634,Muhammad Mansoor Alam
https://openalex.org/A5112584311,Syed Irfan Hyder
https://openalex.org/A5085729646,Luís Coelho
https://openalex.org/A5061743580,Hongyu Li
https://openalex.org/A5102779387,Qilong Wu
https://openalex.org/A5012914454,Bowen Xing
https://openalex.org/A5101589112,Wenjie Wang
https://openalex.org/A5042194412,Bernd Carsten Stahl
https://openalex.org/A5014889794,Ziheng Sun
https://openalex.org/A5111312202,L. Sandoval
https://openalex.org/A5015781035,Robert Crystal‐Ornelas
https://openalex.org/A5027330844,S. Mostafa Mousavi
https://openalex.org/A5108047862,Jinbo Wang
https://openalex.org/A5090393849,Cindy Lin
https://openalex.org/A5013362524,Nicoleta Cristea
https://openalex.org/A5012046085,Daniel Tong
https://openalex.org/A5046653592,Wendy Hawley Carande
https://openalex.org/A5071393418,Xiaogang Ma
https://openalex.org/A5035167715,Yuhan Rao
https://openalex.org/A5041783480,James A. Bednar
https://openalex.org/A5110277726,Amanda Tan
https://openalex.org/A5101750217,Jianwu Wang
https://openalex.org/A5017846156,Sanjay Purushotham
https://openalex.org/A5088654091,Thomas E. Gill
https://openalex.org/A5007535697,Julien Chastang
https://openalex.org/A5045648851,Daniel L. Howard
https://openalex.org/A5004306850,Benjamin Holt
https://openalex.org/A5019145079,Chandana Gangodagamage
https://openalex.org/A5112630459,Peisheng Zhao
https://openalex.org/A5045360354,Pablo Rivas
https://openalex.org/A5066917224,Zachary Chester
https://openalex.org/A5088072249,Javier Orduz
https://openalex.org/A5082972452,Aji John
https://openalex.org/A5015350333,Pengzhen Lu
https://openalex.org/A5055627037,Shengyong Chen
https://openalex.org/A5100615959,Yu‐Jun Zheng
https://openalex.org/A5088744199,Alain C. Vaucher
https://openalex.org/A5047408024,Rubén Laplaza
https://openalex.org/A5033283546,Charlotte Bunne
https://openalex.org/A5003040843,Andreas Krause
https://openalex.org/A5007563039,Clémence Corminbœuf
https://openalex.org/A5080069398,Teodoro Laino
https://openalex.org/A5105527581,Gang Su
https://openalex.org/A5054399637,John H. Morris
https://openalex.org/A5035266214,Barry Demchak
https://openalex.org/A5010789029,Gary D. Bader
https://openalex.org/A5070357957,Yibin Jiang
https://openalex.org/A5009627378,Daniel Salley
https://openalex.org/A5075888371,Abhishek Sharma
https://openalex.org/A5028323457,Graham Keenan
https://openalex.org/A5084165213,Margaret Mullin
https://openalex.org/A5027887380,Leroy Cronin
https://openalex.org/A5053264793,Claudia Draxl
https://openalex.org/A5017799890,Kathleen Murphy
https://openalex.org/A5088793705,Erica Di Ruggiero
https://openalex.org/A5055101693,Ross Upshur
https://openalex.org/A5005516430,Donald J. Willison
https://openalex.org/A5075131441,Neha Malhotra
https://openalex.org/A5033196884,Jia Cai
https://openalex.org/A5090104343,Nakul Malhotra
https://openalex.org/A5057225514,Vincci Lui
https://openalex.org/A5101946533,Jennifer Gibson
https://openalex.org/A5052255034,Antonia Russo
https://openalex.org/A5039882353,Gianluca Lax
https://openalex.org/A5070405326,Philipp Pracht
https://openalex.org/A5042863303,Stefan Grimme
https://openalex.org/A5081003999,Christoph Bannwarth
https://openalex.org/A5077626171,Fabian Bohle
https://openalex.org/A5004260600,Sebastian Ehlert
https://openalex.org/A5082729636,Gereon Feldmann
https://openalex.org/A5009789610,Johannes Gorges
https://openalex.org/A5025793097,Marcel Müller
https://openalex.org/A5037929085,Tim Stauch
https://openalex.org/A5053745736,Christoph Plett
https://openalex.org/A5053649740,Sebastian Spicher
https://openalex.org/A5027619391,Pit Steinbach
https://openalex.org/A5050377686,Patryk A. Wesołowski
https://openalex.org/A5085396740,Felix Zeller
https://openalex.org/A5040323439,Sofia Morandini
https://openalex.org/A5006408643,Federico Fraboni
https://openalex.org/A5052647712,Marco De Angelis
https://openalex.org/A5021156315,Gabriele Puzzo
https://openalex.org/A5025241961,Davide Giusino
https://openalex.org/A5059998839,Luca Pietrantoni
https://openalex.org/A5040106089,Dow‐Mu Koh
https://openalex.org/A5046760392,Nickolas Papanikolaou
https://openalex.org/A5077876700,Ulrich Bick
https://openalex.org/A5091015127,Rowland Illing
https://openalex.org/A5085037175,Charles E. Kahn
https://openalex.org/A5070386776,Jayshree Kalpathi-Cramer
https://openalex.org/A5057794986,Celso Matos
https://openalex.org/A5072387429,Luis Martí‐Bonmatí
https://openalex.org/A5051005174,Anne Miles
https://openalex.org/A5071503238,Seong K. Mun
https://openalex.org/A5056555647,Sandy Napel
https://openalex.org/A5020779599,Andrea Rockall
https://openalex.org/A5028460960,Evis Sala
https://openalex.org/A5110598474,Nicola H. Strickland
https://openalex.org/A5063662396,Fred Prior
https://openalex.org/A5038613570,Alexandros Nikitas
https://openalex.org/A5007945098,Kalliopi Michalakopoulou
https://openalex.org/A5084121172,Eric Tchouamou Njoya
https://openalex.org/A5052277899,Dimitris Karampatzakis
https://openalex.org/A5071351339,Karl de Fine Licht
https://openalex.org/A5052271980,Jenny de Fine Licht
https://openalex.org/A5006305255,Yizhou Fan
https://openalex.org/A5114190756,Luzhen Tang
https://openalex.org/A5101404414,Huixiao Le
https://openalex.org/A5113287451,Kejie Shen
https://openalex.org/A5046537776,Shufang Tan
https://openalex.org/A5100780322,Yüan Shen
https://openalex.org/A5100406123,Xinyu Li
https://openalex.org/A5036855560,Dragan Gašević
https://openalex.org/A5041279033,Nicola Capuano
https://openalex.org/A5016277608,Giuseppe Fenza
https://openalex.org/A5036423849,Vincenzo Loia
https://openalex.org/A5083357217,Claudio Stanzione
https://openalex.org/A5077593277,Francesco Gentile
https://openalex.org/A5050715818,Jean Charle Yaacoub
https://openalex.org/A5029261718,James Gleave
https://openalex.org/A5029378374,Michael Fernández
https://openalex.org/A5053702422,Anh‐Tien Ton
https://openalex.org/A5064411392,Fuqiang Ban
https://openalex.org/A5111766809,Abraham C. Stern
https://openalex.org/A5070580886,Artem Cherkasov
https://openalex.org/A5101681259,Jun Tang
https://openalex.org/A5100412409,Gang Liu
https://openalex.org/A5003242041,Qingtao Pan
https://openalex.org/A5020627579,Salman Bahoo
https://openalex.org/A5037381172,Marco Cucculelli
https://openalex.org/A5056655660,Dawood Qamar
https://openalex.org/A5024458365,Luca Longo
https://openalex.org/A5004227278,Mario Brčić
https://openalex.org/A5023849668,Federico Cabitza
https://openalex.org/A5052985764,Jaesik Choi
https://openalex.org/A5041714982,Yoichi Hayashi
https://openalex.org/A5034657358,Andreas Holzinger
https://openalex.org/A5007067645,Hassan Khosravi
https://openalex.org/A5002426346,Freddy Lécué
https://openalex.org/A5066246956,Gianclaudio Malgieri
https://openalex.org/A5102953149,Andrés Páez
https://openalex.org/A5026451495,Wojciech Samek
https://openalex.org/A5101711824,Johannes Schneider
https://openalex.org/A5007325624,Timo Speith
https://openalex.org/A5001658147,Md Eshrat E. Alahi
https://openalex.org/A5041630370,Arsanchai Sukkuea
https://openalex.org/A5045521852,Fahmida Wazed Tina
https://openalex.org/A5021000820,Anindya Nag
https://openalex.org/A5071113438,Wattanapong Kurdthongmee
https://openalex.org/A5061905232,Korakot Suwannarat
https://openalex.org/A5076172522,Subhas Chandra Mukhopadhyay
https://openalex.org/A5076949340,Nicola Muscettola
https://openalex.org/A5113077261,P. Pandurang Nayak
https://openalex.org/A5017594784,Barney Pell
https://openalex.org/A5103386526,Brian C. Williams
https://openalex.org/A5014155270,Simon Elias Bibri
https://openalex.org/A5018388871,John Krogstie
https://openalex.org/A5078156022,Amin Kaboli
https://openalex.org/A5068504559,Alexandre Alahi
https://openalex.org/A5036954229,Brian Yamauchi
https://openalex.org/A5108145011,Yuankai Zhou
https://openalex.org/A5045953587,Maoliang Shen
https://openalex.org/A5054778343,Xin Cui
https://openalex.org/A5055314154,Yicheng Shao
https://openalex.org/A5100617506,Lijie Li
https://openalex.org/A5100456303,Yan Zhang
https://openalex.org/A5037405539,Arti Malviya
https://openalex.org/A5008952991,Dipika Jaspal
https://openalex.org/A5003020679,Song‐Bin Guo
https://openalex.org/A5024523452,Meng Yuan
https://openalex.org/A5042337267,Liteng Lin
https://openalex.org/A5038596078,Zhen-Zhong Zhou
https://openalex.org/A5056725318,Hailong Li
https://openalex.org/A5077187465,Xiao‐Peng Tian
https://openalex.org/A5101500635,Weijuan Huang
https://openalex.org/A5009706429,Kevin C. Desouza
https://openalex.org/A5071715084,Luke Butler
https://openalex.org/A5041482242,Farnoosh Roozkhosh
https://openalex.org/A5031935379,Jens Christian Bjerring
https://openalex.org/A5045828973,Jacob Busch
https://openalex.org/A5084050064,Edward O. Pyzer‐Knapp
https://openalex.org/A5027317556,Jed W. Pitera
https://openalex.org/A5024778597,Peter Staar
https://openalex.org/A5002127145,Seiji Takeda
https://openalex.org/A5103390556,Daniel P. Sanders
https://openalex.org/A5111675622,James Sexton
https://openalex.org/A5105523625,John R. Smith
https://openalex.org/A5109932762,Alessandro Curioni
https://openalex.org/A5090783596,Zohreh Doborjeh
https://openalex.org/A5045366456,Nigel Hemmington
https://openalex.org/A5008184865,Maryam Doborjeh
https://openalex.org/A5024893012,Nikola Kasabov
https://openalex.org/A5033299848,W. Holmes
https://openalex.org/A5048581675,Kaśka Porayska‐Pomsta
https://openalex.org/A5017682151,Ilia Stepin
https://openalex.org/A5014779616,Alejandro Catalá
https://openalex.org/A5045920345,Martín Pereira-Fariña
https://openalex.org/A5021767359,Indrajeet Kumar
https://openalex.org/A5086972271,Jyoti Rawat
https://openalex.org/A5013288057,Noor Mohd
https://openalex.org/A5069424306,Shahnawaz Husain
https://openalex.org/A5065632775,Nayomi Kankanamge
https://openalex.org/A5088033095,Massimo Regona
https://openalex.org/A5062114870,Bridget Rowan
https://openalex.org/A5066559366,Alex Ryu
https://openalex.org/A5070935465,Juan M. Corchado
https://openalex.org/A5077619272,Rashid Mehmood
https://openalex.org/A5102868541,Rita Yi Man Li
https://openalex.org/A5068098071,Anthony M. Zador
https://openalex.org/A5020984279,G. Sean Escola
https://openalex.org/A5004133705,Blake A. Richards
https://openalex.org/A5050604384,Bence P. Ölveczky
https://openalex.org/A5086198262,Yoshua Bengio
https://openalex.org/A5077089453,Kwabena Boahen
https://openalex.org/A5083771180,Matthew Botvinick
https://openalex.org/A5062874541,Dmitri B. Chklovskii
https://openalex.org/A5056549033,Anne K. Churchland
https://openalex.org/A5039497694,Claudia Clopath
https://openalex.org/A5014769767,James J. DiCarlo
https://openalex.org/A5056551357,Surya Ganguli
https://openalex.org/A5020007508,Jeff Hawkins
https://openalex.org/A5072047827,Konrad P. Körding
https://openalex.org/A5068269104,Alexei A. Koulakov
https://openalex.org/A5001226970,Yann LeCun
https://openalex.org/A5066294254,Timothy Lillicrap
https://openalex.org/A5033557144,Adam Marblestone
https://openalex.org/A5032674291,Bruno A. Olshausen
https://openalex.org/A5039593921,Alexandre Pouget
https://openalex.org/A5001112461,Cristina Savin
https://openalex.org/A5080476548,Eero P. Simoncelli
https://openalex.org/A5050281483,Sara A. Solla
https://openalex.org/A5054372964,David Sussillo
https://openalex.org/A5054637446,Andreas S. Tolias
https://openalex.org/A5023431990,Doris Y. Tsao
https://openalex.org/A5056129782,Felix Wong
https://openalex.org/A5012089635,César de la Fuente‐Núñez
https://openalex.org/A5065209470,James J. Collins
https://openalex.org/A5100443832,Lin Chen
https://openalex.org/A5001616465,Zhonghao Chen
https://openalex.org/A5001952262,Yubing Zhang
https://openalex.org/A5100704151,Yunfei Liu
https://openalex.org/A5035770796,Ahmed I. Osman
https://openalex.org/A5073724480,Mohamed Farghali
https://openalex.org/A5105990491,Jianmin Hua
https://openalex.org/A5088118808,Ahmed S. Al‐Fatesh
https://openalex.org/A5024902001,Ikko Ihara
https://openalex.org/A5103043754,David W. Rooney
https://openalex.org/A5021385259,Pow‐Seng Yap
https://openalex.org/A5035716427,Katarina Sperling
https://openalex.org/A5041450511,Carl-Johan Stenberg
https://openalex.org/A5067628540,Cormac McGrath
https://openalex.org/A5034893691,Anna Åkerfeldt
https://openalex.org/A5014042891,Fredrik Heintz
https://openalex.org/A5045117039,Linnéa Stenliden
https://openalex.org/A5100605662,Neha Gupta
https://openalex.org/A5042514819,Suneet Gupta
https://openalex.org/A5032506165,Rajesh Kumar Pathak
https://openalex.org/A5079889916,Vanita Jain
https://openalex.org/A5007040136,Parisa Rashidi
https://openalex.org/A5071959897,Jasjit S. Suri
https://openalex.org/A5039665389,Keith T. Butler
https://openalex.org/A5101879560,Daniel W. Davies
https://openalex.org/A5082178535,Hugh Cartwright
https://openalex.org/A5011932992,Olexandr Isayev
https://openalex.org/A5035826473,Marcello M. Mariani
https://openalex.org/A5101485526,Muhammad Ali Chaudhry
https://openalex.org/A5072117497,Emre Kazim
https://openalex.org/A5027622743,Dennis Nguyen
https://openalex.org/A5021090631,Erik Hekman
https://openalex.org/A5053029928,Sandip S. Panesar
https://openalex.org/A5005622247,Yvonne Cagle
https://openalex.org/A5091830395,Divya Chander
https://openalex.org/A5012733320,Jose Morey
https://openalex.org/A5102817711,Juan C. Fernandez‐Miranda
https://openalex.org/A5054601284,Michel Kliot
https://openalex.org/A5088352526,Yusuf Roohani
https://openalex.org/A5051148355,Yanay Rosen
https://openalex.org/A5060642509,Ankit Gupta
https://openalex.org/A5012260410,Xikun Zhang
https://openalex.org/A5023564562,Marcel Roed
https://openalex.org/A5023802736,Theodore Alexandrov
https://openalex.org/A5002987125,Mohammed AlQuraishi
https://openalex.org/A5032568462,Patrícia Flatley Brennan
https://openalex.org/A5079128249,Daniel B. Burkhardt
https://openalex.org/A5046245448,Andrea Califano
https://openalex.org/A5033313957,Jonah Cool
https://openalex.org/A5013509513,Abby F. Dernburg
https://openalex.org/A5114268497,Kirsty Ewing
https://openalex.org/A5068568859,Emily B. Fox
https://openalex.org/A5055237910,Matthias Haury
https://openalex.org/A5046265360,Amy E. Herr
https://openalex.org/A5060049408,Patrick D. Hsu
https://openalex.org/A5021276997,Viren Jain
https://openalex.org/A5105416626,Gregory R. Johnson
https://openalex.org/A5027869585,Thomas Kalil
https://openalex.org/A5014783439,David R. Kelley
https://openalex.org/A5038898203,Anna Kreshuk
https://openalex.org/A5109110306,Tim Mitchison
https://openalex.org/A5083897996,Jay Shendure
https://openalex.org/A5014438127,Nicholas Sofroniew
https://openalex.org/A5083128670,Fabian J. Theis
https://openalex.org/A5020538019,Christina V. Theodoris
https://openalex.org/A5018755353,Srigokul Upadhyayula
https://openalex.org/A5028334300,M. Valer
https://openalex.org/A5061087230,Bo Wang
https://openalex.org/A5009547049,Eric P. Xing
https://openalex.org/A5093429554,Serena Yeung-Levy
https://openalex.org/A5086052373,Marinka Žitnik
https://openalex.org/A5064498575,Theofanis Karaletsos
https://openalex.org/A5004067604,Aviv Regev
https://openalex.org/A5052101351,Emma Lundberg
https://openalex.org/A5091272738,Jure Leskovec
https://openalex.org/A5090505297,Stephen R. Quake
https://openalex.org/A5064069283,Han Yu
https://openalex.org/A5101789458,Zhiqi Shen
https://openalex.org/A5100382077,Chunyan Miao
https://openalex.org/A5027298172,Cyril Leung
https://openalex.org/A5020207982,Victor Lesser
https://openalex.org/A5100636286,Qiang Yang
https://openalex.org/A5038813690,Dolores R. Serrano
https://openalex.org/A5078148173,Francis C. Luciano
https://openalex.org/A5002715190,Brayan J. Anaya
https://openalex.org/A5091125431,Baris Öngoren
https://openalex.org/A5087560188,Aytug Kara
https://openalex.org/A5032415622,Gracia Molina
https://openalex.org/A5089476139,Bianca I. Ramirez
https://openalex.org/A5084611574,Sergio A. Sánchez-Guirales
https://openalex.org/A5001367916,JJ Martínez Simón
https://openalex.org/A5114267479,Greta Tomietto
https://openalex.org/A5114267480,Chrysi Rapti
https://openalex.org/A5089391738,Helga K. Ruiz
https://openalex.org/A5100603679,Dinesh Kumar
https://openalex.org/A5069328902,Aikaterini Lalatsa
https://openalex.org/A5076328625,Ethan Waisberg
https://openalex.org/A5003959627,Joshua Ong
https://openalex.org/A5010171658,Phani Paladugu
https://openalex.org/A5077165075,Sharif Amit Kamran
https://openalex.org/A5068752340,Nasif Zaman
https://openalex.org/A5081144092,Andrew G. Lee
https://openalex.org/A5017952778,Alireza Tavakkoli
https://openalex.org/A5072186507,Thomas C. King
https://openalex.org/A5036412233,Nikita Aggarwal
https://openalex.org/A5003032735,Mariarosaria Taddeo
https://openalex.org/A5046574356,Luciano Floridi
https://openalex.org/A5080972036,Jorge Benavides-Hernández
https://openalex.org/A5090093607,Franck Dumeignil
https://openalex.org/A5047918353,P. Jonathon Phillips
https://openalex.org/A5019784062,Carina A. Hahn
https://openalex.org/A5038103084,Peter Fontana
https://openalex.org/A5039132893,Amy N. Yates
https://openalex.org/A5073638056,Kristen Greene
https://openalex.org/A5073231714,David Broniatowski
https://openalex.org/A5061045207,Mark A. Przybocki
https://openalex.org/A5108193537,Ling Wei
https://openalex.org/A5025970118,Fasikaw Kibrete
https://openalex.org/A5019036464,Tomasz Trzepieciński
https://openalex.org/A5051217462,Hailu Shimels Gebremedhen
https://openalex.org/A5016258849,Dereje Engida Woldemichael
https://openalex.org/A5100344463,Wei Chen
https://openalex.org/A5100671618,Xuesong Liu
https://openalex.org/A5034969108,Sanyin Zhang
https://openalex.org/A5100633484,Shilin Chen
https://openalex.org/A5021152068,Marcelo C. R. Melo
https://openalex.org/A5090999346,Jacqueline R. M. A. Maasch
https://openalex.org/A5010657520,Daniele Silvestro
https://openalex.org/A5018334259,Stefano Goria
https://openalex.org/A5016312089,Thomas Sterner
https://openalex.org/A5049324341,Alexandre Antonelli
https://openalex.org/A5048045064,Tianming Sun
https://openalex.org/A5015950149,Bin Feng
https://openalex.org/A5061618234,Jinpeng Huo
https://openalex.org/A5055163989,Yu Xiao
https://openalex.org/A5004422633,Wengan Wang
https://openalex.org/A5102725638,Jin Peng
https://openalex.org/A5100722187,Zehua Li
https://openalex.org/A5070700925,Chengjie Du
https://openalex.org/A5112571738,Wenxian Wang
https://openalex.org/A5113541640,Guisheng Zou
https://openalex.org/A5100647065,Lei Liu
https://openalex.org/A5091819878,Haoxi Zhong
https://openalex.org/A5014699953,Chaojun Xiao
https://openalex.org/A5012930542,Cunchao Tu
https://openalex.org/A5100667602,Tianyang Zhang
https://openalex.org/A5100320723,Zhiyuan Liu
https://openalex.org/A5046448314,Maosong Sun
https://openalex.org/A5010037155,Matthew A Sellwood
https://openalex.org/A5041975681,Mohamed A. Ahmed
https://openalex.org/A5101892657,Nathan Brown
https://openalex.org/A5029436121,Nanyi Fei
https://openalex.org/A5085349794,Zhiwu Lu
https://openalex.org/A5026079724,Yizhao Gao
https://openalex.org/A5101633476,Guoxing Yang
https://openalex.org/A5031223720,Yuqi Huo
https://openalex.org/A5010209907,Jingyuan Wen
https://openalex.org/A5030033393,Haoyu Lu
https://openalex.org/A5101505571,Ruihua Song
https://openalex.org/A5100618900,Xin Gao
https://openalex.org/A5014436524,Tao Xiang
https://openalex.org/A5089604961,Hao Sun
https://openalex.org/A5025631695,Ji-Rong Wen
https://openalex.org/A5035485597,Ilya Jackson
https://openalex.org/A5085640653,Dmitry Ivanov
https://openalex.org/A5015824343,Alexandre Dolgui
https://openalex.org/A5022719903,Jafar Namdar
https://openalex.org/A5032306817,Simona Mariana Popescu
https://openalex.org/A5063064622,Sheikh Mansoor
https://openalex.org/A5039747165,Owais Ali Wani
https://openalex.org/A5101782062,Shamal Shasang Kumar
https://openalex.org/A5100681052,Vikas Sharma
https://openalex.org/A5102750027,Arpita Sharma
https://openalex.org/A5114043928,Vivak M. Arya
https://openalex.org/A5008744466,M.B. Kirkham
https://openalex.org/A5065266286,Deyi Hou
https://openalex.org/A5007065483,Nanthi Bolan
https://openalex.org/A5007644928,Yong Suk Chung
https://openalex.org/A5044778529,Chayna Sarkar
https://openalex.org/A5012269963,Biswadeep Das
https://openalex.org/A5090795127,Vikram Singh Rawat
https://openalex.org/A5087462867,Julie Birdie Wahlang
https://openalex.org/A5026322890,Arvind Nongpiur
https://openalex.org/A5079554584,Iadarilang Tiewsoh
https://openalex.org/A5060262820,Nari M Lyngdoh
https://openalex.org/A5046203353,Debasmita Das
https://openalex.org/A5035622037,Manjunath Bidarolli
https://openalex.org/A5056573802,Hannah Theresa Sony
https://openalex.org/A5085656467,Yu-Liang Chou
https://openalex.org/A5017217950,Catarina Moreira
https://openalex.org/A5086300145,Peter Bruza
https://openalex.org/A5075868200,Chun Ouyang
https://openalex.org/A5059140450,Joaquim Jorge
https://openalex.org/A5014229299,Mir Riyanul Islam
https://openalex.org/A5007258873,Mobyen Uddin Ahmed
https://openalex.org/A5082647026,Shaibal Barua
https://openalex.org/A5036681394,Shahina Begum
https://openalex.org/A5023720701,Jayden Khakurel
https://openalex.org/A5081094387,Birgit Penzenstadler
https://openalex.org/A5016300783,Jari Porras
https://openalex.org/A5075512350,Antti Knutas
https://openalex.org/A5101552797,Wenlu Zhang
https://openalex.org/A5009664776,Ryan T. Scott
https://openalex.org/A5004644133,Lauren Sanders
https://openalex.org/A5088650022,Erik Antonsen
https://openalex.org/A5017617113,Jaden J. A. Hastings
https://openalex.org/A5064069488,Seung Min Park
https://openalex.org/A5039245880,Graham Mackintosh
https://openalex.org/A5090790006,Robert J. Reynolds
https://openalex.org/A5030673913,Adrienne Hoarfrost
https://openalex.org/A5033298383,Aenor Sawyer
https://openalex.org/A5050692257,Casey S. Greene
https://openalex.org/A5030539003,Benjamin S. Glicksberg
https://openalex.org/A5062465500,Corey A. Theriot
https://openalex.org/A5030302727,Daniel C. Berrios
https://openalex.org/A5103110320,J. Miller
https://openalex.org/A5010632836,Joël Babdor
https://openalex.org/A5070274577,Richard Barker
https://openalex.org/A5014721690,Sergio E. Baranzini
https://openalex.org/A5077595545,Afshin Beheshti
https://openalex.org/A5064054066,Stuart Chalk
https://openalex.org/A5034482973,Guillermo M. Delgado-Aparicio
https://openalex.org/A5064320417,Melissa Haendel
https://openalex.org/A5017533419,Arif Hamid
https://openalex.org/A5054217724,Philip Heller
https://openalex.org/A5090032595,Daniel Jamieson
https://openalex.org/A5059885538,Katelyn Jarvis
https://openalex.org/A5006645510,John Kalantari
https://openalex.org/A5071727493,Kia Khezeli
https://openalex.org/A5006605423,Svetlana V. Komarova
https://openalex.org/A5068686133,Matthieu Komorowski
https://openalex.org/A5060883955,Prachi Kothiyal
https://openalex.org/A5007384804,A. Mahabal
https://openalex.org/A5070633413,Uri Manor
https://openalex.org/A5003905928,Héctor García Martín
https://openalex.org/A5085435765,Christopher E. Mason
https://openalex.org/A5054008126,Mona Matar
https://openalex.org/A5007111330,George I. Mias
https://openalex.org/A5070129549,Jerry G. Myers
https://openalex.org/A5025355562,Charlotte Nelson
https://openalex.org/A5058202783,Jonathan Oribello
https://openalex.org/A5079950690,Patricia Parsons‐Wingerter
https://openalex.org/A5065768839,Raj K. Prabhu
https://openalex.org/A5016201799,Amina A. Qutub
https://openalex.org/A5082338876,Jon Rask
https://openalex.org/A5001481592,Amanda Saravia-Butler
https://openalex.org/A5055371276,Suchi Saria
https://openalex.org/A5004469409,Nitin K. Singh
https://openalex.org/A5024120181,M Snyder
https://openalex.org/A5041899881,Frank Soboczenski
https://openalex.org/A5021696721,Karthik Soman
https://openalex.org/A5045170248,David Van Valen
https://openalex.org/A5047719221,Kasthuri Venkateswaran
https://openalex.org/A5079257109,Liz Worthey
https://openalex.org/A5076398738,Jason H. Yang
https://openalex.org/A5076358770,Sylvain V. Costes
https://openalex.org/A5004917812,Florent Vinchon
https://openalex.org/A5063349066,Todd Lubart
https://openalex.org/A5069560160,Sabrina Bartolotta
https://openalex.org/A5070354559,Valentin Gironnay
https://openalex.org/A5065708740,Marion Botella
https://openalex.org/A5021859616,Samira Bourgeois‐Bougrine
https://openalex.org/A5023207495,Jean‐Marie Burkhardt
https://openalex.org/A5047746401,Nathalie Bonnardel
https://openalex.org/A5078672899,Giovanni Emanuele Corazza
https://openalex.org/A5070273986,Vlad Petre Glăveanu
https://openalex.org/A5046265988,Michael Hanchett Hanson
https://openalex.org/A5089093097,Zorana Ivčević
https://openalex.org/A5067916291,Maciej Karwowski
https://openalex.org/A5008736553,James C. Kaufman
https://openalex.org/A5102733350,Takeshi Okada
https://openalex.org/A5038946785,Roni Reiter‐Palmon
https://openalex.org/A5071914909,Andrea Gaggioli
https://openalex.org/A5102841151,Richard L. Welsh
https://openalex.org/A5083689982,Margaret Bearman
https://openalex.org/A5070798517,Rola Ajjawi
https://openalex.org/A5061649107,Imogen S. Stafford
https://openalex.org/A5031250364,Melina Kellermann
https://openalex.org/A5016013607,Enrico Mossotto
https://openalex.org/A5019096765,R Mark Beattie
https://openalex.org/A5034757003,Ben D. MacArthur
https://openalex.org/A5002940859,Sarah Ennis
https://openalex.org/A5071819311,Niklas Kühl
https://openalex.org/A5080308434,Max Schemmer
https://openalex.org/A5029485082,Marc Goutier
https://openalex.org/A5000245557,Gerhard Satzger
https://openalex.org/A5067193405,Elizabeth Morrow
https://openalex.org/A5008522606,Teodor Zidaru
https://openalex.org/A5103606479,Fiona Ross
https://openalex.org/A5033601109,Cindy Mason
https://openalex.org/A5061432343,Kunal Patel
https://openalex.org/A5082568940,Melissa Ream
https://openalex.org/A5086047706,Rich Stockley
