person_id,project_id
https://openalex.org/A5050115521,https://openalex.org/W2981731882
https://openalex.org/A5058176171,https://openalex.org/W2981731882
https://openalex.org/A5017326471,https://openalex.org/W2981731882
https://openalex.org/A5023588408,https://openalex.org/W2981731882
https://openalex.org/A5057876711,https://openalex.org/W2981731882
https://openalex.org/A5064011907,https://openalex.org/W2981731882
https://openalex.org/A5078909305,https://openalex.org/W2981731882
https://openalex.org/A5019181050,https://openalex.org/W2981731882
https://openalex.org/A5070068995,https://openalex.org/W2981731882
https://openalex.org/A5083664336,https://openalex.org/W2981731882
https://openalex.org/A5114376610,https://openalex.org/W2981731882
https://openalex.org/A5045016749,https://openalex.org/W2981731882
https://openalex.org/A5101465106,https://openalex.org/W3017131514
https://openalex.org/A5100748906,https://openalex.org/W3017131514
https://openalex.org/A5033268753,https://openalex.org/W3017131514
https://openalex.org/A5048622877,https://openalex.org/W2969625533
https://openalex.org/A5072512285,https://openalex.org/W2969625533
https://openalex.org/A5033472055,https://openalex.org/W2969625533
https://openalex.org/A5027512483,https://openalex.org/W2969625533
https://openalex.org/A5018731131,https://openalex.org/W2969625533
https://openalex.org/A5015452463,https://openalex.org/W2969625533
https://openalex.org/A5032994640,https://openalex.org/W2969625533
https://openalex.org/A5070017829,https://openalex.org/W2969625533
https://openalex.org/A5007695310,https://openalex.org/W2969625533
https://openalex.org/A5000411910,https://openalex.org/W2969625533
https://openalex.org/A5015685463,https://openalex.org/W2969625533
https://openalex.org/A5004125306,https://openalex.org/W2969625533
https://openalex.org/A5062073470,https://openalex.org/W2969625533
https://openalex.org/A5080152304,https://openalex.org/W2969625533
https://openalex.org/A5061235109,https://openalex.org/W2969625533
https://openalex.org/A5037522059,https://openalex.org/W2969625533
https://openalex.org/A5037724665,https://openalex.org/W2969625533
https://openalex.org/A5103045218,https://openalex.org/W2969625533
https://openalex.org/A5003777616,https://openalex.org/W2969625533
https://openalex.org/A5003475331,https://openalex.org/W2969625533
https://openalex.org/A5059234800,https://openalex.org/W2969625533
https://openalex.org/A5076965699,https://openalex.org/W2969625533
https://openalex.org/A5018760782,https://openalex.org/W2969625533
https://openalex.org/A5082000265,https://openalex.org/W2969625533
https://openalex.org/A5037836435,https://openalex.org/W2969625533
https://openalex.org/A5040405430,https://openalex.org/W2969625533
https://openalex.org/A5050603102,https://openalex.org/W2969625533
https://openalex.org/A5072261829,https://openalex.org/W2969625533
https://openalex.org/A5034248834,https://openalex.org/W2969625533
https://openalex.org/A5033216620,https://openalex.org/W2969625533
https://openalex.org/A5016998336,https://openalex.org/W2969625533
https://openalex.org/A5008267619,https://openalex.org/W2969625533
https://openalex.org/A5070089201,https://openalex.org/W2969625533
https://openalex.org/A5109157215,https://openalex.org/W2969625533
https://openalex.org/A5002569790,https://openalex.org/W2969625533
https://openalex.org/A5100760218,https://openalex.org/W2950865323
https://openalex.org/A5100385692,https://openalex.org/W2950865323
https://openalex.org/A5100738931,https://openalex.org/W2950865323
https://openalex.org/A5055161955,https://openalex.org/W2950865323
https://openalex.org/A5063549704,https://openalex.org/W2950865323
https://openalex.org/A5027033026,https://openalex.org/W2950865323
https://openalex.org/A5006145895,https://openalex.org/W4247155454
https://openalex.org/A5088732694,https://openalex.org/W4247155454
https://openalex.org/A5046303624,https://openalex.org/W4366262984
https://openalex.org/A5023828527,https://openalex.org/W4366262984
https://openalex.org/A5052265483,https://openalex.org/W4366262984
https://openalex.org/A5101632716,https://openalex.org/W4366262984
https://openalex.org/A5056892202,https://openalex.org/W4366262984
https://openalex.org/A5070433751,https://openalex.org/W4366262984
https://openalex.org/A5091251187,https://openalex.org/W4366262984
https://openalex.org/A5017326471,https://openalex.org/W4366262984
https://openalex.org/A5058176171,https://openalex.org/W4366262984
https://openalex.org/A5045016749,https://openalex.org/W4366262984
https://openalex.org/A5091447736,https://openalex.org/W2770717476
https://openalex.org/A5063991201,https://openalex.org/W2770717476
https://openalex.org/A5032778716,https://openalex.org/W4366783381
https://openalex.org/A5045059551,https://openalex.org/W4366783381
https://openalex.org/A5021842384,https://openalex.org/W4360836968
https://openalex.org/A5009092703,https://openalex.org/W4360836968
https://openalex.org/A5011758954,https://openalex.org/W4360836968
https://openalex.org/A5023537206,https://openalex.org/W4360836968
https://openalex.org/A5043228682,https://openalex.org/W4360836968
https://openalex.org/A5028114802,https://openalex.org/W4360836968
https://openalex.org/A5100354178,https://openalex.org/W4360836968
https://openalex.org/A5024980585,https://openalex.org/W4360836968
https://openalex.org/A5070340856,https://openalex.org/W4360836968
https://openalex.org/A5024995037,https://openalex.org/W4360836968
https://openalex.org/A5050672320,https://openalex.org/W4360836968
https://openalex.org/A5033846851,https://openalex.org/W4360836968
https://openalex.org/A5019726734,https://openalex.org/W4360836968
https://openalex.org/A5100388053,https://openalex.org/W4360836968
https://openalex.org/A5077430497,https://openalex.org/W3113317199
https://openalex.org/A5072747890,https://openalex.org/W3113317199
https://openalex.org/A5030291958,https://openalex.org/W3113317199
https://openalex.org/A5011504360,https://openalex.org/W3113317199
https://openalex.org/A5013460714,https://openalex.org/W2337155942
https://openalex.org/A5041483607,https://openalex.org/W2337155942
https://openalex.org/A5024515720,https://openalex.org/W2910707576
https://openalex.org/A5070908224,https://openalex.org/W2910707576
https://openalex.org/A5060599004,https://openalex.org/W2910707576
https://openalex.org/A5057387321,https://openalex.org/W2910707576
https://openalex.org/A5033339412,https://openalex.org/W2910707576
https://openalex.org/A5060017621,https://openalex.org/W3033928040
https://openalex.org/A5039395705,https://openalex.org/W3033928040
https://openalex.org/A5036180789,https://openalex.org/W3033928040
https://openalex.org/A5050907956,https://openalex.org/W2969912247
https://openalex.org/A5077087618,https://openalex.org/W3156614709
https://openalex.org/A5068082407,https://openalex.org/W3156614709
https://openalex.org/A5035167001,https://openalex.org/W3156614709
https://openalex.org/A5052907090,https://openalex.org/W3156614709
https://openalex.org/A5002666373,https://openalex.org/W3156614709
https://openalex.org/A5022345679,https://openalex.org/W3156614709
https://openalex.org/A5076981458,https://openalex.org/W3156614709
https://openalex.org/A5079934631,https://openalex.org/W3156614709
https://openalex.org/A5042356208,https://openalex.org/W3156614709
https://openalex.org/A5039480864,https://openalex.org/W3182546273
https://openalex.org/A5068590850,https://openalex.org/W3182546273
https://openalex.org/A5083182498,https://openalex.org/W3182546273
https://openalex.org/A5060967387,https://openalex.org/W3182546273
https://openalex.org/A5000622487,https://openalex.org/W3182546273
https://openalex.org/A5084363234,https://openalex.org/W2778051509
https://openalex.org/A5020705170,https://openalex.org/W2778051509
https://openalex.org/A5031762940,https://openalex.org/W2778051509
https://openalex.org/A5026929463,https://openalex.org/W2778051509
https://openalex.org/A5112005638,https://openalex.org/W2778051509
https://openalex.org/A5058666219,https://openalex.org/W2975103258
https://openalex.org/A5035155914,https://openalex.org/W2975103258
https://openalex.org/A5080472332,https://openalex.org/W2975103258
https://openalex.org/A5021144196,https://openalex.org/W4304014045
https://openalex.org/A5054665212,https://openalex.org/W4304014045
https://openalex.org/A5100675173,https://openalex.org/W4304014045
https://openalex.org/A5074001163,https://openalex.org/W4304014045
https://openalex.org/A5075489954,https://openalex.org/W4304014045
https://openalex.org/A5036791766,https://openalex.org/W4304014045
https://openalex.org/A5023061511,https://openalex.org/W4304014045
https://openalex.org/A5032079635,https://openalex.org/W4304014045
https://openalex.org/A5067998904,https://openalex.org/W4304014045
https://openalex.org/A5050925115,https://openalex.org/W4304014045
https://openalex.org/A5011079056,https://openalex.org/W4304014045
https://openalex.org/A5026537267,https://openalex.org/W4304014045
https://openalex.org/A5080050834,https://openalex.org/W4304014045
https://openalex.org/A5031295052,https://openalex.org/W3090117266
https://openalex.org/A5043714124,https://openalex.org/W3090117266
https://openalex.org/A5058513170,https://openalex.org/W3090117266
https://openalex.org/A5051135490,https://openalex.org/W2921322865
https://openalex.org/A5002759654,https://openalex.org/W2921322865
https://openalex.org/A5101796118,https://openalex.org/W4392447866
https://openalex.org/A5088913516,https://openalex.org/W4392447866
https://openalex.org/A5073584416,https://openalex.org/W4229082339
https://openalex.org/A5078448594,https://openalex.org/W4229082339
https://openalex.org/A5014846205,https://openalex.org/W4229082339
https://openalex.org/A5103239229,https://openalex.org/W4229082339
https://openalex.org/A5011035709,https://openalex.org/W4229082339
https://openalex.org/A5071000038,https://openalex.org/W4229082339
https://openalex.org/A5069043772,https://openalex.org/W2792315573
https://openalex.org/A5009007803,https://openalex.org/W2792315573
https://openalex.org/A5013843256,https://openalex.org/W4389365236
https://openalex.org/A5073015915,https://openalex.org/W4389365236
https://openalex.org/A5016968256,https://openalex.org/W4389365236
https://openalex.org/A5001178845,https://openalex.org/W4389365236
https://openalex.org/A5090235827,https://openalex.org/W4389365236
https://openalex.org/A5025120190,https://openalex.org/W4389365236
https://openalex.org/A5028889888,https://openalex.org/W4381889731
https://openalex.org/A5067145443,https://openalex.org/W4381889731
https://openalex.org/A5089680948,https://openalex.org/W4381889731
https://openalex.org/A5055272851,https://openalex.org/W4381889731
https://openalex.org/A5012787401,https://openalex.org/W2924260403
https://openalex.org/A5029839974,https://openalex.org/W2924260403
https://openalex.org/A5039127783,https://openalex.org/W2924260403
https://openalex.org/A5038255653,https://openalex.org/W2924260403
https://openalex.org/A5017095669,https://openalex.org/W2924260403
https://openalex.org/A5109473006,https://openalex.org/W2924260403
https://openalex.org/A5006784703,https://openalex.org/W2924260403
https://openalex.org/A5042355795,https://openalex.org/W2924260403
https://openalex.org/A5022698727,https://openalex.org/W2924260403
https://openalex.org/A5088539840,https://openalex.org/W2924260403
https://openalex.org/A5002041772,https://openalex.org/W2924260403
https://openalex.org/A5025745021,https://openalex.org/W2924260403
https://openalex.org/A5009232244,https://openalex.org/W2924260403
https://openalex.org/A5029839974,https://openalex.org/W3124990081
https://openalex.org/A5111568766,https://openalex.org/W3124990081
https://openalex.org/A5091397663,https://openalex.org/W3124990081
https://openalex.org/A5013327637,https://openalex.org/W2032568497
https://openalex.org/A5072377971,https://openalex.org/W2032568497
https://openalex.org/A5035882135,https://openalex.org/W2032568497
https://openalex.org/A5064724661,https://openalex.org/W2032568497
https://openalex.org/A5030092162,https://openalex.org/W2921123283
https://openalex.org/A5082323302,https://openalex.org/W2921123283
https://openalex.org/A5029036509,https://openalex.org/W2921123283
https://openalex.org/A5007776666,https://openalex.org/W2921123283
https://openalex.org/A5019737566,https://openalex.org/W4319831789
https://openalex.org/A5047249173,https://openalex.org/W4319831789
https://openalex.org/A5062193230,https://openalex.org/W4319831789
https://openalex.org/A5068475055,https://openalex.org/W4220863497
https://openalex.org/A5100430478,https://openalex.org/W4220863497
https://openalex.org/A5087736924,https://openalex.org/W4220863497
https://openalex.org/A5069744156,https://openalex.org/W4220863497
https://openalex.org/A5066257732,https://openalex.org/W4220863497
https://openalex.org/A5028466190,https://openalex.org/W4386222752
https://openalex.org/A5085704796,https://openalex.org/W3209912268
https://openalex.org/A5088440487,https://openalex.org/W3209912268
https://openalex.org/A5013460714,https://openalex.org/W3209912268
https://openalex.org/A5071585967,https://openalex.org/W3209912268
https://openalex.org/A5028316272,https://openalex.org/W3209912268
https://openalex.org/A5079052203,https://openalex.org/W3212941463
https://openalex.org/A5022499594,https://openalex.org/W3212941463
https://openalex.org/A5108531824,https://openalex.org/W3212941463
https://openalex.org/A5072435188,https://openalex.org/W3212941463
https://openalex.org/A5059261666,https://openalex.org/W3092843175
https://openalex.org/A5042580144,https://openalex.org/W3092843175
https://openalex.org/A5101503948,https://openalex.org/W3097904695
https://openalex.org/A5100675577,https://openalex.org/W3097904695
https://openalex.org/A5032314861,https://openalex.org/W3097904695
https://openalex.org/A5058485387,https://openalex.org/W3164394298
https://openalex.org/A5014021452,https://openalex.org/W3164394298
https://openalex.org/A5050982370,https://openalex.org/W3164394298
https://openalex.org/A5013721295,https://openalex.org/W2767479331
https://openalex.org/A5102871257,https://openalex.org/W2767479331
https://openalex.org/A5059686380,https://openalex.org/W2767479331
https://openalex.org/A5048705228,https://openalex.org/W4283392904
https://openalex.org/A5056656414,https://openalex.org/W4283392904
https://openalex.org/A5022559945,https://openalex.org/W4283392904
https://openalex.org/A5008300007,https://openalex.org/W4283392904
https://openalex.org/A5088498777,https://openalex.org/W4283392904
https://openalex.org/A5004838512,https://openalex.org/W4283392904
https://openalex.org/A5045729963,https://openalex.org/W4283392904
https://openalex.org/A5089286473,https://openalex.org/W4283392904
https://openalex.org/A5017837767,https://openalex.org/W3037880470
https://openalex.org/A5083338507,https://openalex.org/W3037880470
https://openalex.org/A5051548449,https://openalex.org/W3037880470
https://openalex.org/A5071810855,https://openalex.org/W3037880470
https://openalex.org/A5060761466,https://openalex.org/W3037880470
https://openalex.org/A5046530261,https://openalex.org/W3017157646
https://openalex.org/A5108647955,https://openalex.org/W3173591405
https://openalex.org/A5027819738,https://openalex.org/W1662133657
https://openalex.org/A5041476585,https://openalex.org/W1662133657
https://openalex.org/A5089520284,https://openalex.org/W2019377098
https://openalex.org/A5070856464,https://openalex.org/W2019377098
https://openalex.org/A5013670125,https://openalex.org/W2019377098
https://openalex.org/A5030006518,https://openalex.org/W2019377098
https://openalex.org/A5008389022,https://openalex.org/W2019377098
https://openalex.org/A5016309170,https://openalex.org/W3111221273
https://openalex.org/A5043519647,https://openalex.org/W3111221273
https://openalex.org/A5100686648,https://openalex.org/W3111221273
https://openalex.org/A5055368670,https://openalex.org/W3111221273
https://openalex.org/A5047609699,https://openalex.org/W3111221273
https://openalex.org/A5071443910,https://openalex.org/W3111221273
https://openalex.org/A5055856506,https://openalex.org/W4383913712
https://openalex.org/A5067653484,https://openalex.org/W4383913712
https://openalex.org/A5034762665,https://openalex.org/W4383913712
https://openalex.org/A5067660877,https://openalex.org/W4383913712
https://openalex.org/A5018194210,https://openalex.org/W4383913712
https://openalex.org/A5044503602,https://openalex.org/W4383913712
https://openalex.org/A5023651869,https://openalex.org/W4383913712
https://openalex.org/A5025486785,https://openalex.org/W4383913712
https://openalex.org/A5064172786,https://openalex.org/W4383913712
https://openalex.org/A5065954019,https://openalex.org/W4383913712
https://openalex.org/A5046908030,https://openalex.org/W4383913712
https://openalex.org/A5091214938,https://openalex.org/W4383913712
https://openalex.org/A5066797749,https://openalex.org/W4383913712
https://openalex.org/A5081370774,https://openalex.org/W4383913712
https://openalex.org/A5006679927,https://openalex.org/W4383913712
https://openalex.org/A5088161716,https://openalex.org/W4383913712
https://openalex.org/A5069901933,https://openalex.org/W4383913712
https://openalex.org/A5084581187,https://openalex.org/W4383913712
https://openalex.org/A5000877507,https://openalex.org/W4383913712
https://openalex.org/A5054244780,https://openalex.org/W4383913712
https://openalex.org/A5014893902,https://openalex.org/W4383913712
https://openalex.org/A5005292478,https://openalex.org/W4383913712
https://openalex.org/A5100767396,https://openalex.org/W4291972732
https://openalex.org/A5100349725,https://openalex.org/W4291972732
https://openalex.org/A5101737763,https://openalex.org/W4291972732
https://openalex.org/A5025365324,https://openalex.org/W4291972732
https://openalex.org/A5100318462,https://openalex.org/W4291972732
https://openalex.org/A5003512698,https://openalex.org/W4291972732
https://openalex.org/A5078836038,https://openalex.org/W4410309438
https://openalex.org/A5092401150,https://openalex.org/W4410309438
https://openalex.org/A5035797693,https://openalex.org/W4410309438
https://openalex.org/A5022581666,https://openalex.org/W4304185479
https://openalex.org/A5064016511,https://openalex.org/W4304185479
https://openalex.org/A5030455114,https://openalex.org/W4304185479
https://openalex.org/A5056535696,https://openalex.org/W4304185479
https://openalex.org/A5031306679,https://openalex.org/W4304185479
https://openalex.org/A5052771582,https://openalex.org/W4304185479
https://openalex.org/A5048633127,https://openalex.org/W4304185479
https://openalex.org/A5015637398,https://openalex.org/W4304185479
https://openalex.org/A5019436022,https://openalex.org/W4304185479
https://openalex.org/A5029665492,https://openalex.org/W4304185479
https://openalex.org/A5014141631,https://openalex.org/W4304185479
https://openalex.org/A5071495561,https://openalex.org/W4304185479
https://openalex.org/A5051063958,https://openalex.org/W2804354698
https://openalex.org/A5069860044,https://openalex.org/W2804354698
https://openalex.org/A5023904997,https://openalex.org/W3023126697
https://openalex.org/A5107905185,https://openalex.org/W3023126697
https://openalex.org/A5004492454,https://openalex.org/W3023126697
https://openalex.org/A5014780974,https://openalex.org/W3023126697
https://openalex.org/A5032625673,https://openalex.org/W3023126697
https://openalex.org/A5045245219,https://openalex.org/W4401587065
https://openalex.org/A5056590849,https://openalex.org/W4401587065
https://openalex.org/A5100741896,https://openalex.org/W4401587065
https://openalex.org/A5066690479,https://openalex.org/W4401587065
https://openalex.org/A5075734877,https://openalex.org/W3125258100
https://openalex.org/A5029805925,https://openalex.org/W3125258100
https://openalex.org/A5006102427,https://openalex.org/W3125258100
https://openalex.org/A5050096773,https://openalex.org/W3125258100
https://openalex.org/A5010265149,https://openalex.org/W3043941844
https://openalex.org/A5001339425,https://openalex.org/W3043941844
https://openalex.org/A5060566070,https://openalex.org/W3043941844
https://openalex.org/A5038778697,https://openalex.org/W3043941844
https://openalex.org/A5075712660,https://openalex.org/W3043941844
https://openalex.org/A5038877365,https://openalex.org/W2017561954
https://openalex.org/A5059082898,https://openalex.org/W3034560014
https://openalex.org/A5069159279,https://openalex.org/W3034560014
https://openalex.org/A5026754295,https://openalex.org/W3034560014
https://openalex.org/A5048057355,https://openalex.org/W3034560014
https://openalex.org/A5087450993,https://openalex.org/W3034560014
https://openalex.org/A5028781733,https://openalex.org/W3034560014
https://openalex.org/A5030247098,https://openalex.org/W3034560014
https://openalex.org/A5026369455,https://openalex.org/W3034560014
https://openalex.org/A5060485852,https://openalex.org/W3034560014
https://openalex.org/A5068476037,https://openalex.org/W3034560014
https://openalex.org/A5021240085,https://openalex.org/W3034560014
https://openalex.org/A5042721942,https://openalex.org/W3034560014
https://openalex.org/A5000911580,https://openalex.org/W3034560014
https://openalex.org/A5053257512,https://openalex.org/W3034560014
https://openalex.org/A5039459979,https://openalex.org/W3034560014
https://openalex.org/A5049114488,https://openalex.org/W3034560014
https://openalex.org/A5042219269,https://openalex.org/W3034560014
https://openalex.org/A5041805549,https://openalex.org/W3034560014
https://openalex.org/A5054054547,https://openalex.org/W3034560014
https://openalex.org/A5068708931,https://openalex.org/W3034560014
https://openalex.org/A5010629271,https://openalex.org/W4386607677
https://openalex.org/A5088799398,https://openalex.org/W4386607677
https://openalex.org/A5039735111,https://openalex.org/W4386607677
https://openalex.org/A5028170003,https://openalex.org/W4386607677
https://openalex.org/A5075156076,https://openalex.org/W4386607677
https://openalex.org/A5088809877,https://openalex.org/W4386607677
https://openalex.org/A5071656104,https://openalex.org/W4386607677
https://openalex.org/A5024305342,https://openalex.org/W4386607677
https://openalex.org/A5036545419,https://openalex.org/W4386607677
https://openalex.org/A5018360029,https://openalex.org/W4386607677
https://openalex.org/A5040003101,https://openalex.org/W4386607677
https://openalex.org/A5034098867,https://openalex.org/W4386607677
https://openalex.org/A5062139071,https://openalex.org/W4386607677
https://openalex.org/A5068532928,https://openalex.org/W4386607677
https://openalex.org/A5000083420,https://openalex.org/W4386607677
https://openalex.org/A5017832889,https://openalex.org/W4386607677
https://openalex.org/A5057932106,https://openalex.org/W4386607677
https://openalex.org/A5106945613,https://openalex.org/W4386607677
https://openalex.org/A5067480046,https://openalex.org/W4386607677
https://openalex.org/A5004705409,https://openalex.org/W4386607677
https://openalex.org/A5025174604,https://openalex.org/W4386607677
https://openalex.org/A5052134209,https://openalex.org/W4386607677
https://openalex.org/A5089294584,https://openalex.org/W4386607677
https://openalex.org/A5044233702,https://openalex.org/W4386607677
https://openalex.org/A5044662284,https://openalex.org/W4386607677
https://openalex.org/A5061884092,https://openalex.org/W4386607677
https://openalex.org/A5082019295,https://openalex.org/W4386607677
https://openalex.org/A5051244192,https://openalex.org/W4386607677
https://openalex.org/A5078946433,https://openalex.org/W4386607677
https://openalex.org/A5019402051,https://openalex.org/W4386607677
https://openalex.org/A5063810062,https://openalex.org/W4386607677
https://openalex.org/A5101632496,https://openalex.org/W4386607677
https://openalex.org/A5003484549,https://openalex.org/W4386607677
https://openalex.org/A5100330218,https://openalex.org/W4386607677
https://openalex.org/A5009980520,https://openalex.org/W4386607677
https://openalex.org/A5053342326,https://openalex.org/W4386607677
https://openalex.org/A5003134739,https://openalex.org/W4386607677
https://openalex.org/A5077768594,https://openalex.org/W4386607677
https://openalex.org/A5020392456,https://openalex.org/W4386607677
https://openalex.org/A5028051805,https://openalex.org/W4386607677
https://openalex.org/A5007543032,https://openalex.org/W4386607677
https://openalex.org/A5045701956,https://openalex.org/W4386607677
https://openalex.org/A5044272398,https://openalex.org/W4386607677
https://openalex.org/A5060194743,https://openalex.org/W4386607677
https://openalex.org/A5053048742,https://openalex.org/W4386607677
https://openalex.org/A5058692862,https://openalex.org/W4386607677
https://openalex.org/A5073970185,https://openalex.org/W4386607677
https://openalex.org/A5075789055,https://openalex.org/W4386607677
https://openalex.org/A5057416678,https://openalex.org/W4386607677
https://openalex.org/A5078651116,https://openalex.org/W4386607677
https://openalex.org/A5048072583,https://openalex.org/W4386607677
https://openalex.org/A5077818118,https://openalex.org/W4386607677
https://openalex.org/A5091052284,https://openalex.org/W4386607677
https://openalex.org/A5088996741,https://openalex.org/W4386607677
https://openalex.org/A5082528019,https://openalex.org/W4386607677
https://openalex.org/A5015133560,https://openalex.org/W4386607677
https://openalex.org/A5004798651,https://openalex.org/W4386607677
https://openalex.org/A5034845813,https://openalex.org/W4386607677
https://openalex.org/A5009459648,https://openalex.org/W4385484319
https://openalex.org/A5063809924,https://openalex.org/W4385484319
https://openalex.org/A5011035488,https://openalex.org/W4385484319
https://openalex.org/A5015663807,https://openalex.org/W4385484319
https://openalex.org/A5065878227,https://openalex.org/W4385484319
https://openalex.org/A5062903281,https://openalex.org/W4313527987
https://openalex.org/A5058724676,https://openalex.org/W4313527987
https://openalex.org/A5051078868,https://openalex.org/W4313527987
https://openalex.org/A5016653929,https://openalex.org/W4313527987
https://openalex.org/A5024970701,https://openalex.org/W4313527987
https://openalex.org/A5001589359,https://openalex.org/W4313527987
https://openalex.org/A5052907259,https://openalex.org/W4313527987
https://openalex.org/A5040965331,https://openalex.org/W4313527987
https://openalex.org/A5001663885,https://openalex.org/W4313527987
https://openalex.org/A5007158173,https://openalex.org/W4313527987
https://openalex.org/A5006024485,https://openalex.org/W4313527987
https://openalex.org/A5023741875,https://openalex.org/W4313527987
https://openalex.org/A5009475920,https://openalex.org/W4313527987
https://openalex.org/A5068942141,https://openalex.org/W4313527987
https://openalex.org/A5009147264,https://openalex.org/W4313527987
https://openalex.org/A5037387341,https://openalex.org/W4313527987
https://openalex.org/A5069557536,https://openalex.org/W4313527987
https://openalex.org/A5062849275,https://openalex.org/W4313527987
https://openalex.org/A5029972430,https://openalex.org/W4313527987
https://openalex.org/A5030293975,https://openalex.org/W4313527987
https://openalex.org/A5084317374,https://openalex.org/W4313527987
https://openalex.org/A5052623072,https://openalex.org/W4313527987
https://openalex.org/A5009270487,https://openalex.org/W4313527987
https://openalex.org/A5051897790,https://openalex.org/W4313527987
https://openalex.org/A5012821517,https://openalex.org/W4313527987
https://openalex.org/A5022993623,https://openalex.org/W4386285839
https://openalex.org/A5017820645,https://openalex.org/W4386285839
https://openalex.org/A5044141636,https://openalex.org/W3004368638
https://openalex.org/A5044434345,https://openalex.org/W3034272367
https://openalex.org/A5052097132,https://openalex.org/W3034272367
https://openalex.org/A5042662797,https://openalex.org/W3034272367
https://openalex.org/A5032444320,https://openalex.org/W3034272367
https://openalex.org/A5053701656,https://openalex.org/W3034272367
https://openalex.org/A5067085371,https://openalex.org/W3034272367
https://openalex.org/A5032160199,https://openalex.org/W3034272367
https://openalex.org/A5016756216,https://openalex.org/W3034272367
https://openalex.org/A5069118782,https://openalex.org/W3034272367
https://openalex.org/A5091500375,https://openalex.org/W2061438946
https://openalex.org/A5071437793,https://openalex.org/W2061438946
https://openalex.org/A5063313173,https://openalex.org/W2061438946
https://openalex.org/A5033634734,https://openalex.org/W4401819987
https://openalex.org/A5115694763,https://openalex.org/W4401819987
https://openalex.org/A5103581948,https://openalex.org/W4401819987
https://openalex.org/A5100714017,https://openalex.org/W4401819987
https://openalex.org/A5103109240,https://openalex.org/W4401819987
https://openalex.org/A5100405987,https://openalex.org/W4401819987
https://openalex.org/A5113412654,https://openalex.org/W4401819987
https://openalex.org/A5115695181,https://openalex.org/W4401819987
https://openalex.org/A5101682387,https://openalex.org/W4401819987
https://openalex.org/A5100362041,https://openalex.org/W4401819987
https://openalex.org/A5029053811,https://openalex.org/W4401819987
https://openalex.org/A5063155550,https://openalex.org/W4401819987
https://openalex.org/A5022569738,https://openalex.org/W4401819987
https://openalex.org/A5100403590,https://openalex.org/W4401819987
https://openalex.org/A5101199023,https://openalex.org/W4401819987
https://openalex.org/A5103245119,https://openalex.org/W4401819987
https://openalex.org/A5090943298,https://openalex.org/W4401819987
https://openalex.org/A5086626922,https://openalex.org/W4401819987
https://openalex.org/A5101516344,https://openalex.org/W4401819987
https://openalex.org/A5056183845,https://openalex.org/W4401819987
https://openalex.org/A5020332722,https://openalex.org/W4401819987
https://openalex.org/A5060263237,https://openalex.org/W4401819987
https://openalex.org/A5109768087,https://openalex.org/W4401819987
https://openalex.org/A5072576421,https://openalex.org/W4401819987
https://openalex.org/A5100389658,https://openalex.org/W4401819987
https://openalex.org/A5115695478,https://openalex.org/W4401819987
https://openalex.org/A5100372684,https://openalex.org/W4401819987
https://openalex.org/A5039055794,https://openalex.org/W4401819987
https://openalex.org/A5019014062,https://openalex.org/W4401819987
https://openalex.org/A5100657598,https://openalex.org/W4401819987
https://openalex.org/A5014106967,https://openalex.org/W4401819987
https://openalex.org/A5081247356,https://openalex.org/W4401819987
https://openalex.org/A5015389773,https://openalex.org/W4401819987
https://openalex.org/A5100747229,https://openalex.org/W4401819987
https://openalex.org/A5108924522,https://openalex.org/W4401819987
https://openalex.org/A5047266050,https://openalex.org/W4401819987
https://openalex.org/A5001246465,https://openalex.org/W4401819987
https://openalex.org/A5066433882,https://openalex.org/W4401819987
https://openalex.org/A5100763748,https://openalex.org/W4401819987
https://openalex.org/A5120391409,https://openalex.org/W4401819987
https://openalex.org/A5075013625,https://openalex.org/W4401819987
https://openalex.org/A5100344954,https://openalex.org/W4401819987
https://openalex.org/A5059026057,https://openalex.org/W4401819987
https://openalex.org/A5071506673,https://openalex.org/W4401819987
https://openalex.org/A5100452931,https://openalex.org/W4401819987
https://openalex.org/A5054292278,https://openalex.org/W4401819987
https://openalex.org/A5106124934,https://openalex.org/W4401819987
https://openalex.org/A5028980812,https://openalex.org/W4401819987
https://openalex.org/A5074231572,https://openalex.org/W4401819987
https://openalex.org/A5040945574,https://openalex.org/W4401819987
https://openalex.org/A5065953780,https://openalex.org/W4229447215
https://openalex.org/A5010224302,https://openalex.org/W4229447215
https://openalex.org/A5101465265,https://openalex.org/W4229447215
https://openalex.org/A5024401909,https://openalex.org/W4229447215
https://openalex.org/A5067743298,https://openalex.org/W4229447215
https://openalex.org/A5081639692,https://openalex.org/W4229447215
https://openalex.org/A5004289873,https://openalex.org/W4229447215
https://openalex.org/A5100350625,https://openalex.org/W4229447215
https://openalex.org/A5003487318,https://openalex.org/W2001898186
https://openalex.org/A5085352512,https://openalex.org/W3214839373
https://openalex.org/A5088914363,https://openalex.org/W3214839373
https://openalex.org/A5006487499,https://openalex.org/W3214839373
https://openalex.org/A5080030634,https://openalex.org/W3214839373
https://openalex.org/A5112584311,https://openalex.org/W3214839373
https://openalex.org/A5085729646,https://openalex.org/W4389885061
https://openalex.org/A5061743580,https://openalex.org/W4323035719
https://openalex.org/A5102779387,https://openalex.org/W4323035719
https://openalex.org/A5012914454,https://openalex.org/W4323035719
https://openalex.org/A5101589112,https://openalex.org/W4323035719
https://openalex.org/A5042194412,https://openalex.org/W4234956358
https://openalex.org/A5014889794,https://openalex.org/W4205154488
https://openalex.org/A5111312202,https://openalex.org/W4205154488
https://openalex.org/A5015781035,https://openalex.org/W4205154488
https://openalex.org/A5027330844,https://openalex.org/W4205154488
https://openalex.org/A5108047862,https://openalex.org/W4205154488
https://openalex.org/A5090393849,https://openalex.org/W4205154488
https://openalex.org/A5013362524,https://openalex.org/W4205154488
https://openalex.org/A5012046085,https://openalex.org/W4205154488
https://openalex.org/A5046653592,https://openalex.org/W4205154488
https://openalex.org/A5071393418,https://openalex.org/W4205154488
https://openalex.org/A5035167715,https://openalex.org/W4205154488
https://openalex.org/A5041783480,https://openalex.org/W4205154488
https://openalex.org/A5110277726,https://openalex.org/W4205154488
https://openalex.org/A5101750217,https://openalex.org/W4205154488
https://openalex.org/A5017846156,https://openalex.org/W4205154488
https://openalex.org/A5088654091,https://openalex.org/W4205154488
https://openalex.org/A5007535697,https://openalex.org/W4205154488
https://openalex.org/A5045648851,https://openalex.org/W4205154488
https://openalex.org/A5004306850,https://openalex.org/W4205154488
https://openalex.org/A5019145079,https://openalex.org/W4205154488
https://openalex.org/A5112630459,https://openalex.org/W4205154488
https://openalex.org/A5045360354,https://openalex.org/W4205154488
https://openalex.org/A5066917224,https://openalex.org/W4205154488
https://openalex.org/A5088072249,https://openalex.org/W4205154488
https://openalex.org/A5082972452,https://openalex.org/W4205154488
https://openalex.org/A5015350333,https://openalex.org/W2072459226
https://openalex.org/A5055627037,https://openalex.org/W2072459226
https://openalex.org/A5100615959,https://openalex.org/W2072459226
https://openalex.org/A5028051805,https://openalex.org/W4220747243
https://openalex.org/A5088744199,https://openalex.org/W4220747243
https://openalex.org/A5047408024,https://openalex.org/W4220747243
https://openalex.org/A5033283546,https://openalex.org/W4220747243
https://openalex.org/A5003040843,https://openalex.org/W4220747243
https://openalex.org/A5007563039,https://openalex.org/W4220747243
https://openalex.org/A5080069398,https://openalex.org/W4220747243
https://openalex.org/A5105527581,https://openalex.org/W2138793275
https://openalex.org/A5054399637,https://openalex.org/W2138793275
https://openalex.org/A5035266214,https://openalex.org/W2138793275
https://openalex.org/A5010789029,https://openalex.org/W2138793275
https://openalex.org/A5070357957,https://openalex.org/W4303449037
https://openalex.org/A5009627378,https://openalex.org/W4303449037
https://openalex.org/A5075888371,https://openalex.org/W4303449037
https://openalex.org/A5028323457,https://openalex.org/W4303449037
https://openalex.org/A5084165213,https://openalex.org/W4303449037
https://openalex.org/A5027887380,https://openalex.org/W4303449037
https://openalex.org/A5053264793,https://openalex.org/W2924281192
https://openalex.org/A5067145443,https://openalex.org/W2924281192
https://openalex.org/A5017799890,https://openalex.org/W3115247823
https://openalex.org/A5088793705,https://openalex.org/W3115247823
https://openalex.org/A5055101693,https://openalex.org/W3115247823
https://openalex.org/A5005516430,https://openalex.org/W3115247823
https://openalex.org/A5075131441,https://openalex.org/W3115247823
https://openalex.org/A5033196884,https://openalex.org/W3115247823
https://openalex.org/A5090104343,https://openalex.org/W3115247823
https://openalex.org/A5057225514,https://openalex.org/W3115247823
https://openalex.org/A5101946533,https://openalex.org/W3115247823
https://openalex.org/A5052255034,https://openalex.org/W4280525959
https://openalex.org/A5039882353,https://openalex.org/W4280525959
https://openalex.org/A5070405326,https://openalex.org/W4393045038
https://openalex.org/A5042863303,https://openalex.org/W4393045038
https://openalex.org/A5081003999,https://openalex.org/W4393045038
https://openalex.org/A5077626171,https://openalex.org/W4393045038
https://openalex.org/A5004260600,https://openalex.org/W4393045038
https://openalex.org/A5082729636,https://openalex.org/W4393045038
https://openalex.org/A5009789610,https://openalex.org/W4393045038
https://openalex.org/A5025793097,https://openalex.org/W4393045038
https://openalex.org/A5037929085,https://openalex.org/W4393045038
https://openalex.org/A5053745736,https://openalex.org/W4393045038
https://openalex.org/A5053649740,https://openalex.org/W4393045038
https://openalex.org/A5027619391,https://openalex.org/W4393045038
https://openalex.org/A5050377686,https://openalex.org/W4393045038
https://openalex.org/A5085396740,https://openalex.org/W4393045038
https://openalex.org/A5040323439,https://openalex.org/W4321506460
https://openalex.org/A5006408643,https://openalex.org/W4321506460
https://openalex.org/A5052647712,https://openalex.org/W4321506460
https://openalex.org/A5021156315,https://openalex.org/W4321506460
https://openalex.org/A5025241961,https://openalex.org/W4321506460
https://openalex.org/A5059998839,https://openalex.org/W4321506460
https://openalex.org/A5040106089,https://openalex.org/W4307968550
https://openalex.org/A5046760392,https://openalex.org/W4307968550
https://openalex.org/A5077876700,https://openalex.org/W4307968550
https://openalex.org/A5091015127,https://openalex.org/W4307968550
https://openalex.org/A5085037175,https://openalex.org/W4307968550
https://openalex.org/A5070386776,https://openalex.org/W4307968550
https://openalex.org/A5057794986,https://openalex.org/W4307968550
https://openalex.org/A5072387429,https://openalex.org/W4307968550
https://openalex.org/A5051005174,https://openalex.org/W4307968550
https://openalex.org/A5071503238,https://openalex.org/W4307968550
https://openalex.org/A5056555647,https://openalex.org/W4307968550
https://openalex.org/A5020779599,https://openalex.org/W4307968550
https://openalex.org/A5028460960,https://openalex.org/W4307968550
https://openalex.org/A5110598474,https://openalex.org/W4307968550
https://openalex.org/A5063662396,https://openalex.org/W4307968550
https://openalex.org/A5038613570,https://openalex.org/W3014834477
https://openalex.org/A5007945098,https://openalex.org/W3014834477
https://openalex.org/A5084121172,https://openalex.org/W3014834477
https://openalex.org/A5052277899,https://openalex.org/W3014834477
https://openalex.org/A5071351339,https://openalex.org/W3011363941
https://openalex.org/A5052271980,https://openalex.org/W3011363941
https://openalex.org/A5006305255,https://openalex.org/W4405211386
https://openalex.org/A5114190756,https://openalex.org/W4405211386
https://openalex.org/A5101404414,https://openalex.org/W4405211386
https://openalex.org/A5113287451,https://openalex.org/W4405211386
https://openalex.org/A5046537776,https://openalex.org/W4405211386
https://openalex.org/A5100780322,https://openalex.org/W4405211386
https://openalex.org/A5100406123,https://openalex.org/W4405211386
https://openalex.org/A5036855560,https://openalex.org/W4405211386
https://openalex.org/A5041279033,https://openalex.org/W4294691140
https://openalex.org/A5016277608,https://openalex.org/W4294691140
https://openalex.org/A5036423849,https://openalex.org/W4294691140
https://openalex.org/A5083357217,https://openalex.org/W4294691140
https://openalex.org/A5077593277,https://openalex.org/W4210617107
https://openalex.org/A5050715818,https://openalex.org/W4210617107
https://openalex.org/A5029261718,https://openalex.org/W4210617107
https://openalex.org/A5029378374,https://openalex.org/W4210617107
https://openalex.org/A5053702422,https://openalex.org/W4210617107
https://openalex.org/A5064411392,https://openalex.org/W4210617107
https://openalex.org/A5111766809,https://openalex.org/W4210617107
https://openalex.org/A5070580886,https://openalex.org/W4210617107
https://openalex.org/A5101681259,https://openalex.org/W3184078521
https://openalex.org/A5100412409,https://openalex.org/W3184078521
https://openalex.org/A5003242041,https://openalex.org/W3184078521
https://openalex.org/A5020627579,https://openalex.org/W4312220284
https://openalex.org/A5037381172,https://openalex.org/W4312220284
https://openalex.org/A5056655660,https://openalex.org/W4312220284
https://openalex.org/A5024458365,https://openalex.org/W4391848979
https://openalex.org/A5004227278,https://openalex.org/W4391848979
https://openalex.org/A5023849668,https://openalex.org/W4391848979
https://openalex.org/A5052985764,https://openalex.org/W4391848979
https://openalex.org/A5070433751,https://openalex.org/W4391848979
https://openalex.org/A5017326471,https://openalex.org/W4391848979
https://openalex.org/A5091251187,https://openalex.org/W4391848979
https://openalex.org/A5041714982,https://openalex.org/W4391848979
https://openalex.org/A5045016749,https://openalex.org/W4391848979
https://openalex.org/A5034657358,https://openalex.org/W4391848979
https://openalex.org/A5083182498,https://openalex.org/W4391848979
https://openalex.org/A5007067645,https://openalex.org/W4391848979
https://openalex.org/A5002426346,https://openalex.org/W4391848979
https://openalex.org/A5066246956,https://openalex.org/W4391848979
https://openalex.org/A5102953149,https://openalex.org/W4391848979
https://openalex.org/A5026451495,https://openalex.org/W4391848979
https://openalex.org/A5101711824,https://openalex.org/W4391848979
https://openalex.org/A5007325624,https://openalex.org/W4391848979
https://openalex.org/A5014846205,https://openalex.org/W4391848979
https://openalex.org/A5001658147,https://openalex.org/W4378882744
https://openalex.org/A5041630370,https://openalex.org/W4378882744
https://openalex.org/A5045521852,https://openalex.org/W4378882744
https://openalex.org/A5021000820,https://openalex.org/W4378882744
https://openalex.org/A5071113438,https://openalex.org/W4378882744
https://openalex.org/A5061905232,https://openalex.org/W4378882744
https://openalex.org/A5076172522,https://openalex.org/W4378882744
https://openalex.org/A5076949340,https://openalex.org/W2049934619
https://openalex.org/A5113077261,https://openalex.org/W2049934619
https://openalex.org/A5017594784,https://openalex.org/W2049934619
https://openalex.org/A5103386526,https://openalex.org/W2049934619
https://openalex.org/A5014155270,https://openalex.org/W4387767134
https://openalex.org/A5018388871,https://openalex.org/W4387767134
https://openalex.org/A5078156022,https://openalex.org/W4387767134
https://openalex.org/A5068504559,https://openalex.org/W4387767134
https://openalex.org/A5036954229,https://openalex.org/W1966213627
https://openalex.org/A5108145011,https://openalex.org/W3129964628
https://openalex.org/A5045953587,https://openalex.org/W3129964628
https://openalex.org/A5054778343,https://openalex.org/W3129964628
https://openalex.org/A5055314154,https://openalex.org/W3129964628
https://openalex.org/A5100617506,https://openalex.org/W3129964628
https://openalex.org/A5100456303,https://openalex.org/W3129964628
https://openalex.org/A5037405539,https://openalex.org/W3158012516
https://openalex.org/A5008952991,https://openalex.org/W3158012516
https://openalex.org/A5003020679,https://openalex.org/W4403158403
https://openalex.org/A5024523452,https://openalex.org/W4403158403
https://openalex.org/A5042337267,https://openalex.org/W4403158403
https://openalex.org/A5038596078,https://openalex.org/W4403158403
https://openalex.org/A5056725318,https://openalex.org/W4403158403
https://openalex.org/A5077187465,https://openalex.org/W4403158403
https://openalex.org/A5101500635,https://openalex.org/W4403158403
https://openalex.org/A5059261666,https://openalex.org/W3011648816
https://openalex.org/A5009706429,https://openalex.org/W3011648816
https://openalex.org/A5071715084,https://openalex.org/W3011648816
https://openalex.org/A5041482242,https://openalex.org/W3011648816
https://openalex.org/A5031935379,https://openalex.org/W2999885075
https://openalex.org/A5045828973,https://openalex.org/W2999885075
https://openalex.org/A5084050064,https://openalex.org/W4225000412
https://openalex.org/A5027317556,https://openalex.org/W4225000412
https://openalex.org/A5024778597,https://openalex.org/W4225000412
https://openalex.org/A5002127145,https://openalex.org/W4225000412
https://openalex.org/A5080069398,https://openalex.org/W4225000412
https://openalex.org/A5103390556,https://openalex.org/W4225000412
https://openalex.org/A5111675622,https://openalex.org/W4225000412
https://openalex.org/A5105523625,https://openalex.org/W4225000412
https://openalex.org/A5109932762,https://openalex.org/W4225000412
https://openalex.org/A5090783596,https://openalex.org/W4200570922
https://openalex.org/A5045366456,https://openalex.org/W4200570922
https://openalex.org/A5008184865,https://openalex.org/W4200570922
https://openalex.org/A5024893012,https://openalex.org/W4200570922
https://openalex.org/A5033299848,https://openalex.org/W4301626130
https://openalex.org/A5048581675,https://openalex.org/W4301626130
https://openalex.org/A5017682151,https://openalex.org/W3125997628
https://openalex.org/A5056892202,https://openalex.org/W3125997628
https://openalex.org/A5014779616,https://openalex.org/W3125997628
https://openalex.org/A5045920345,https://openalex.org/W3125997628
https://openalex.org/A5021767359,https://openalex.org/W3181472047
https://openalex.org/A5086972271,https://openalex.org/W3181472047
https://openalex.org/A5013288057,https://openalex.org/W3181472047
https://openalex.org/A5069424306,https://openalex.org/W3181472047
https://openalex.org/A5059261666,https://openalex.org/W3112597358
https://openalex.org/A5065632775,https://openalex.org/W3112597358
https://openalex.org/A5088033095,https://openalex.org/W3112597358
https://openalex.org/A5062114870,https://openalex.org/W3112597358
https://openalex.org/A5066559366,https://openalex.org/W3112597358
https://openalex.org/A5009706429,https://openalex.org/W3112597358
https://openalex.org/A5070935465,https://openalex.org/W3112597358
https://openalex.org/A5077619272,https://openalex.org/W3112597358
https://openalex.org/A5102868541,https://openalex.org/W3112597358
https://openalex.org/A5068098071,https://openalex.org/W4353091694
https://openalex.org/A5020984279,https://openalex.org/W4353091694
https://openalex.org/A5004133705,https://openalex.org/W4353091694
https://openalex.org/A5050604384,https://openalex.org/W4353091694
https://openalex.org/A5086198262,https://openalex.org/W4353091694
https://openalex.org/A5077089453,https://openalex.org/W4353091694
https://openalex.org/A5083771180,https://openalex.org/W4353091694
https://openalex.org/A5062874541,https://openalex.org/W4353091694
https://openalex.org/A5056549033,https://openalex.org/W4353091694
https://openalex.org/A5039497694,https://openalex.org/W4353091694
https://openalex.org/A5014769767,https://openalex.org/W4353091694
https://openalex.org/A5056551357,https://openalex.org/W4353091694
https://openalex.org/A5020007508,https://openalex.org/W4353091694
https://openalex.org/A5072047827,https://openalex.org/W4353091694
https://openalex.org/A5068269104,https://openalex.org/W4353091694
https://openalex.org/A5001226970,https://openalex.org/W4353091694
https://openalex.org/A5066294254,https://openalex.org/W4353091694
https://openalex.org/A5033557144,https://openalex.org/W4353091694
https://openalex.org/A5032674291,https://openalex.org/W4353091694
https://openalex.org/A5039593921,https://openalex.org/W4353091694
https://openalex.org/A5001112461,https://openalex.org/W4353091694
https://openalex.org/A5044141636,https://openalex.org/W4353091694
https://openalex.org/A5080476548,https://openalex.org/W4353091694
https://openalex.org/A5050281483,https://openalex.org/W4353091694
https://openalex.org/A5054372964,https://openalex.org/W4353091694
https://openalex.org/A5054637446,https://openalex.org/W4353091694
https://openalex.org/A5023431990,https://openalex.org/W4353091694
https://openalex.org/A5056129782,https://openalex.org/W4384155367
https://openalex.org/A5012089635,https://openalex.org/W4384155367
https://openalex.org/A5065209470,https://openalex.org/W4384155367
https://openalex.org/A5100443832,https://openalex.org/W4380628716
https://openalex.org/A5001616465,https://openalex.org/W4380628716
https://openalex.org/A5001952262,https://openalex.org/W4380628716
https://openalex.org/A5100704151,https://openalex.org/W4380628716
https://openalex.org/A5035770796,https://openalex.org/W4380628716
https://openalex.org/A5073724480,https://openalex.org/W4380628716
https://openalex.org/A5105990491,https://openalex.org/W4380628716
https://openalex.org/A5088118808,https://openalex.org/W4380628716
https://openalex.org/A5024902001,https://openalex.org/W4380628716
https://openalex.org/A5103043754,https://openalex.org/W4380628716
https://openalex.org/A5021385259,https://openalex.org/W4380628716
https://openalex.org/A5035716427,https://openalex.org/W4392866787
https://openalex.org/A5041450511,https://openalex.org/W4392866787
https://openalex.org/A5067628540,https://openalex.org/W4392866787
https://openalex.org/A5034893691,https://openalex.org/W4392866787
https://openalex.org/A5014042891,https://openalex.org/W4392866787
https://openalex.org/A5045117039,https://openalex.org/W4392866787
https://openalex.org/A5100605662,https://openalex.org/W4206780588
https://openalex.org/A5042514819,https://openalex.org/W4206780588
https://openalex.org/A5032506165,https://openalex.org/W4206780588
https://openalex.org/A5079889916,https://openalex.org/W4206780588
https://openalex.org/A5007040136,https://openalex.org/W4206780588
https://openalex.org/A5071959897,https://openalex.org/W4206780588
https://openalex.org/A5039665389,https://openalex.org/W2884430236
https://openalex.org/A5101879560,https://openalex.org/W2884430236
https://openalex.org/A5082178535,https://openalex.org/W2884430236
https://openalex.org/A5011932992,https://openalex.org/W2884430236
https://openalex.org/A5035797693,https://openalex.org/W2884430236
https://openalex.org/A5035826473,https://openalex.org/W4391830676
https://openalex.org/A5048622877,https://openalex.org/W4391830676
https://openalex.org/A5101485526,https://openalex.org/W3165783357
https://openalex.org/A5072117497,https://openalex.org/W3165783357
https://openalex.org/A5027622743,https://openalex.org/W4283318215
https://openalex.org/A5021090631,https://openalex.org/W4283318215
https://openalex.org/A5053029928,https://openalex.org/W2929026486
https://openalex.org/A5005622247,https://openalex.org/W2929026486
https://openalex.org/A5091830395,https://openalex.org/W2929026486
https://openalex.org/A5012733320,https://openalex.org/W2929026486
https://openalex.org/A5102817711,https://openalex.org/W2929026486
https://openalex.org/A5054601284,https://openalex.org/W2929026486
https://openalex.org/A5033283546,https://openalex.org/W4403405969
https://openalex.org/A5088352526,https://openalex.org/W4403405969
https://openalex.org/A5051148355,https://openalex.org/W4403405969
https://openalex.org/A5060642509,https://openalex.org/W4403405969
https://openalex.org/A5012260410,https://openalex.org/W4403405969
https://openalex.org/A5023564562,https://openalex.org/W4403405969
https://openalex.org/A5023802736,https://openalex.org/W4403405969
https://openalex.org/A5002987125,https://openalex.org/W4403405969
https://openalex.org/A5032568462,https://openalex.org/W4403405969
https://openalex.org/A5079128249,https://openalex.org/W4403405969
https://openalex.org/A5046245448,https://openalex.org/W4403405969
https://openalex.org/A5033313957,https://openalex.org/W4403405969
https://openalex.org/A5013509513,https://openalex.org/W4403405969
https://openalex.org/A5114268497,https://openalex.org/W4403405969
https://openalex.org/A5068568859,https://openalex.org/W4403405969
https://openalex.org/A5055237910,https://openalex.org/W4403405969
https://openalex.org/A5046265360,https://openalex.org/W4403405969
https://openalex.org/A5043228682,https://openalex.org/W4403405969
https://openalex.org/A5060049408,https://openalex.org/W4403405969
https://openalex.org/A5021276997,https://openalex.org/W4403405969
https://openalex.org/A5105416626,https://openalex.org/W4403405969
https://openalex.org/A5027869585,https://openalex.org/W4403405969
https://openalex.org/A5014783439,https://openalex.org/W4403405969
https://openalex.org/A5038898203,https://openalex.org/W4403405969
https://openalex.org/A5109110306,https://openalex.org/W4403405969
https://openalex.org/A5083897996,https://openalex.org/W4403405969
https://openalex.org/A5014438127,https://openalex.org/W4403405969
https://openalex.org/A5083128670,https://openalex.org/W4403405969
https://openalex.org/A5020538019,https://openalex.org/W4403405969
https://openalex.org/A5018755353,https://openalex.org/W4403405969
https://openalex.org/A5028334300,https://openalex.org/W4403405969
https://openalex.org/A5061087230,https://openalex.org/W4403405969
https://openalex.org/A5009547049,https://openalex.org/W4403405969
https://openalex.org/A5093429554,https://openalex.org/W4403405969
https://openalex.org/A5086052373,https://openalex.org/W4403405969
https://openalex.org/A5064498575,https://openalex.org/W4403405969
https://openalex.org/A5004067604,https://openalex.org/W4403405969
https://openalex.org/A5052101351,https://openalex.org/W4403405969
https://openalex.org/A5091272738,https://openalex.org/W4403405969
https://openalex.org/A5090505297,https://openalex.org/W4403405969
https://openalex.org/A5064069283,https://openalex.org/W2823329128
https://openalex.org/A5101789458,https://openalex.org/W2823329128
https://openalex.org/A5100382077,https://openalex.org/W2823329128
https://openalex.org/A5027298172,https://openalex.org/W2823329128
https://openalex.org/A5020207982,https://openalex.org/W2823329128
https://openalex.org/A5100636286,https://openalex.org/W2823329128
https://openalex.org/A5038813690,https://openalex.org/W4403402994
https://openalex.org/A5078148173,https://openalex.org/W4403402994
https://openalex.org/A5002715190,https://openalex.org/W4403402994
https://openalex.org/A5091125431,https://openalex.org/W4403402994
https://openalex.org/A5087560188,https://openalex.org/W4403402994
https://openalex.org/A5032415622,https://openalex.org/W4403402994
https://openalex.org/A5089476139,https://openalex.org/W4403402994
https://openalex.org/A5084611574,https://openalex.org/W4403402994
https://openalex.org/A5001367916,https://openalex.org/W4403402994
https://openalex.org/A5114267479,https://openalex.org/W4403402994
https://openalex.org/A5114267480,https://openalex.org/W4403402994
https://openalex.org/A5089391738,https://openalex.org/W4403402994
https://openalex.org/A5100603679,https://openalex.org/W4403402994
https://openalex.org/A5069328902,https://openalex.org/W4403402994
https://openalex.org/A5076328625,https://openalex.org/W4307807507
https://openalex.org/A5003959627,https://openalex.org/W4307807507
https://openalex.org/A5010171658,https://openalex.org/W4307807507
https://openalex.org/A5077165075,https://openalex.org/W4307807507
https://openalex.org/A5068752340,https://openalex.org/W4307807507
https://openalex.org/A5081144092,https://openalex.org/W4307807507
https://openalex.org/A5017952778,https://openalex.org/W4307807507
https://openalex.org/A5072186507,https://openalex.org/W2808102992
https://openalex.org/A5036412233,https://openalex.org/W2808102992
https://openalex.org/A5003032735,https://openalex.org/W2808102992
https://openalex.org/A5046574356,https://openalex.org/W2808102992
https://openalex.org/A5080972036,https://openalex.org/W4400948754
https://openalex.org/A5090093607,https://openalex.org/W4400948754
https://openalex.org/A5047918353,https://openalex.org/W3204153914
https://openalex.org/A5019784062,https://openalex.org/W3204153914
https://openalex.org/A5038103084,https://openalex.org/W3204153914
https://openalex.org/A5039132893,https://openalex.org/W3204153914
https://openalex.org/A5073638056,https://openalex.org/W3204153914
https://openalex.org/A5073231714,https://openalex.org/W3204153914
https://openalex.org/A5061045207,https://openalex.org/W3204153914
https://openalex.org/A5108193537,https://openalex.org/W4388424540
https://openalex.org/A5025970118,https://openalex.org/W4386380023
https://openalex.org/A5019036464,https://openalex.org/W4386380023
https://openalex.org/A5051217462,https://openalex.org/W4386380023
https://openalex.org/A5016258849,https://openalex.org/W4386380023
https://openalex.org/A5100344463,https://openalex.org/W4321254242
https://openalex.org/A5100671618,https://openalex.org/W4321254242
https://openalex.org/A5034969108,https://openalex.org/W4321254242
https://openalex.org/A5100633484,https://openalex.org/W4321254242
https://openalex.org/A5021152068,https://openalex.org/W3197063311
https://openalex.org/A5090999346,https://openalex.org/W3197063311
https://openalex.org/A5012089635,https://openalex.org/W3197063311
https://openalex.org/A5010657520,https://openalex.org/W4220706376
https://openalex.org/A5018334259,https://openalex.org/W4220706376
https://openalex.org/A5016312089,https://openalex.org/W4220706376
https://openalex.org/A5049324341,https://openalex.org/W4220706376
https://openalex.org/A5042580144,https://openalex.org/W3046496872
https://openalex.org/A5048045064,https://openalex.org/W4388639388
https://openalex.org/A5015950149,https://openalex.org/W4388639388
https://openalex.org/A5061618234,https://openalex.org/W4388639388
https://openalex.org/A5055163989,https://openalex.org/W4388639388
https://openalex.org/A5004422633,https://openalex.org/W4388639388
https://openalex.org/A5102725638,https://openalex.org/W4388639388
https://openalex.org/A5100722187,https://openalex.org/W4388639388
https://openalex.org/A5070700925,https://openalex.org/W4388639388
https://openalex.org/A5112571738,https://openalex.org/W4388639388
https://openalex.org/A5113541640,https://openalex.org/W4388639388
https://openalex.org/A5100647065,https://openalex.org/W4388639388
https://openalex.org/A5091819878,https://openalex.org/W3035668167
https://openalex.org/A5014699953,https://openalex.org/W3035668167
https://openalex.org/A5012930542,https://openalex.org/W3035668167
https://openalex.org/A5100667602,https://openalex.org/W3035668167
https://openalex.org/A5100320723,https://openalex.org/W3035668167
https://openalex.org/A5046448314,https://openalex.org/W3035668167
https://openalex.org/A5010037155,https://openalex.org/W2886700507
https://openalex.org/A5041975681,https://openalex.org/W2886700507
https://openalex.org/A5007543032,https://openalex.org/W2886700507
https://openalex.org/A5101892657,https://openalex.org/W2886700507
https://openalex.org/A5029436121,https://openalex.org/W4281643269
https://openalex.org/A5085349794,https://openalex.org/W4281643269
https://openalex.org/A5026079724,https://openalex.org/W4281643269
https://openalex.org/A5101633476,https://openalex.org/W4281643269
https://openalex.org/A5031223720,https://openalex.org/W4281643269
https://openalex.org/A5010209907,https://openalex.org/W4281643269
https://openalex.org/A5030033393,https://openalex.org/W4281643269
https://openalex.org/A5101505571,https://openalex.org/W4281643269
https://openalex.org/A5100618900,https://openalex.org/W4281643269
https://openalex.org/A5014436524,https://openalex.org/W4281643269
https://openalex.org/A5089604961,https://openalex.org/W4281643269
https://openalex.org/A5025631695,https://openalex.org/W4281643269
https://openalex.org/A5035485597,https://openalex.org/W4391403992
https://openalex.org/A5085640653,https://openalex.org/W4391403992
https://openalex.org/A5015824343,https://openalex.org/W4391403992
https://openalex.org/A5022719903,https://openalex.org/W4391403992
https://openalex.org/A5032306817,https://openalex.org/W4391968719
https://openalex.org/A5063064622,https://openalex.org/W4391968719
https://openalex.org/A5039747165,https://openalex.org/W4391968719
https://openalex.org/A5101782062,https://openalex.org/W4391968719
https://openalex.org/A5100681052,https://openalex.org/W4391968719
https://openalex.org/A5102750027,https://openalex.org/W4391968719
https://openalex.org/A5114043928,https://openalex.org/W4391968719
https://openalex.org/A5008744466,https://openalex.org/W4391968719
https://openalex.org/A5065266286,https://openalex.org/W4391968719
https://openalex.org/A5007065483,https://openalex.org/W4391968719
https://openalex.org/A5007644928,https://openalex.org/W4391968719
https://openalex.org/A5044778529,https://openalex.org/W4317625850
https://openalex.org/A5012269963,https://openalex.org/W4317625850
https://openalex.org/A5090795127,https://openalex.org/W4317625850
https://openalex.org/A5087462867,https://openalex.org/W4317625850
https://openalex.org/A5026322890,https://openalex.org/W4317625850
https://openalex.org/A5079554584,https://openalex.org/W4317625850
https://openalex.org/A5060262820,https://openalex.org/W4317625850
https://openalex.org/A5046203353,https://openalex.org/W4317625850
https://openalex.org/A5035622037,https://openalex.org/W4317625850
https://openalex.org/A5056573802,https://openalex.org/W4317625850
https://openalex.org/A5085656467,https://openalex.org/W3214404698
https://openalex.org/A5017217950,https://openalex.org/W3214404698
https://openalex.org/A5086300145,https://openalex.org/W3214404698
https://openalex.org/A5075868200,https://openalex.org/W3214404698
https://openalex.org/A5059140450,https://openalex.org/W3214404698
https://openalex.org/A5014229299,https://openalex.org/W4210361514
https://openalex.org/A5007258873,https://openalex.org/W4210361514
https://openalex.org/A5082647026,https://openalex.org/W4210361514
https://openalex.org/A5036681394,https://openalex.org/W4210361514
https://openalex.org/A5023720701,https://openalex.org/W2898892040
https://openalex.org/A5081094387,https://openalex.org/W2898892040
https://openalex.org/A5016300783,https://openalex.org/W2898892040
https://openalex.org/A5075512350,https://openalex.org/W2898892040
https://openalex.org/A5101552797,https://openalex.org/W2898892040
https://openalex.org/A5009664776,https://openalex.org/W4360610309
https://openalex.org/A5004644133,https://openalex.org/W4360610309
https://openalex.org/A5088650022,https://openalex.org/W4360610309
https://openalex.org/A5017617113,https://openalex.org/W4360610309
https://openalex.org/A5064069488,https://openalex.org/W4360610309
https://openalex.org/A5039245880,https://openalex.org/W4360610309
https://openalex.org/A5090790006,https://openalex.org/W4360610309
https://openalex.org/A5030673913,https://openalex.org/W4360610309
https://openalex.org/A5033298383,https://openalex.org/W4360610309
https://openalex.org/A5050692257,https://openalex.org/W4360610309
https://openalex.org/A5030539003,https://openalex.org/W4360610309
https://openalex.org/A5062465500,https://openalex.org/W4360610309
https://openalex.org/A5030302727,https://openalex.org/W4360610309
https://openalex.org/A5103110320,https://openalex.org/W4360610309
https://openalex.org/A5010632836,https://openalex.org/W4360610309
https://openalex.org/A5070274577,https://openalex.org/W4360610309
https://openalex.org/A5014721690,https://openalex.org/W4360610309
https://openalex.org/A5077595545,https://openalex.org/W4360610309
https://openalex.org/A5064054066,https://openalex.org/W4360610309
https://openalex.org/A5034482973,https://openalex.org/W4360610309
https://openalex.org/A5064320417,https://openalex.org/W4360610309
https://openalex.org/A5017533419,https://openalex.org/W4360610309
https://openalex.org/A5054217724,https://openalex.org/W4360610309
https://openalex.org/A5090032595,https://openalex.org/W4360610309
https://openalex.org/A5059885538,https://openalex.org/W4360610309
https://openalex.org/A5006645510,https://openalex.org/W4360610309
https://openalex.org/A5071727493,https://openalex.org/W4360610309
https://openalex.org/A5006605423,https://openalex.org/W4360610309
https://openalex.org/A5068686133,https://openalex.org/W4360610309
https://openalex.org/A5060883955,https://openalex.org/W4360610309
https://openalex.org/A5007384804,https://openalex.org/W4360610309
https://openalex.org/A5070633413,https://openalex.org/W4360610309
https://openalex.org/A5003905928,https://openalex.org/W4360610309
https://openalex.org/A5085435765,https://openalex.org/W4360610309
https://openalex.org/A5054008126,https://openalex.org/W4360610309
https://openalex.org/A5007111330,https://openalex.org/W4360610309
https://openalex.org/A5070129549,https://openalex.org/W4360610309
https://openalex.org/A5025355562,https://openalex.org/W4360610309
https://openalex.org/A5058202783,https://openalex.org/W4360610309
https://openalex.org/A5079950690,https://openalex.org/W4360610309
https://openalex.org/A5065768839,https://openalex.org/W4360610309
https://openalex.org/A5016201799,https://openalex.org/W4360610309
https://openalex.org/A5082338876,https://openalex.org/W4360610309
https://openalex.org/A5001481592,https://openalex.org/W4360610309
https://openalex.org/A5055371276,https://openalex.org/W4360610309
https://openalex.org/A5004469409,https://openalex.org/W4360610309
https://openalex.org/A5024120181,https://openalex.org/W4360610309
https://openalex.org/A5041899881,https://openalex.org/W4360610309
https://openalex.org/A5021696721,https://openalex.org/W4360610309
https://openalex.org/A5045170248,https://openalex.org/W4360610309
https://openalex.org/A5047719221,https://openalex.org/W4360610309
https://openalex.org/A5079257109,https://openalex.org/W4360610309
https://openalex.org/A5076398738,https://openalex.org/W4360610309
https://openalex.org/A5086052373,https://openalex.org/W4360610309
https://openalex.org/A5076358770,https://openalex.org/W4360610309
https://openalex.org/A5004917812,https://openalex.org/W4380988459
https://openalex.org/A5063349066,https://openalex.org/W4380988459
https://openalex.org/A5069560160,https://openalex.org/W4380988459
https://openalex.org/A5070354559,https://openalex.org/W4380988459
https://openalex.org/A5065708740,https://openalex.org/W4380988459
https://openalex.org/A5021859616,https://openalex.org/W4380988459
https://openalex.org/A5023207495,https://openalex.org/W4380988459
https://openalex.org/A5047746401,https://openalex.org/W4380988459
https://openalex.org/A5078672899,https://openalex.org/W4380988459
https://openalex.org/A5070273986,https://openalex.org/W4380988459
https://openalex.org/A5046265988,https://openalex.org/W4380988459
https://openalex.org/A5089093097,https://openalex.org/W4380988459
https://openalex.org/A5067916291,https://openalex.org/W4380988459
https://openalex.org/A5008736553,https://openalex.org/W4380988459
https://openalex.org/A5102733350,https://openalex.org/W4380988459
https://openalex.org/A5038946785,https://openalex.org/W4380988459
https://openalex.org/A5071914909,https://openalex.org/W4380988459
https://openalex.org/A5102841151,https://openalex.org/W2914940847
https://openalex.org/A5083689982,https://openalex.org/W4378084879
https://openalex.org/A5070798517,https://openalex.org/W4378084879
https://openalex.org/A5061649107,https://openalex.org/W3010274200
https://openalex.org/A5031250364,https://openalex.org/W3010274200
https://openalex.org/A5016013607,https://openalex.org/W3010274200
https://openalex.org/A5019096765,https://openalex.org/W3010274200
https://openalex.org/A5034757003,https://openalex.org/W3010274200
https://openalex.org/A5002940859,https://openalex.org/W3010274200
https://openalex.org/A5071819311,https://openalex.org/W4308751002
https://openalex.org/A5080308434,https://openalex.org/W4308751002
https://openalex.org/A5029485082,https://openalex.org/W4308751002
https://openalex.org/A5000245557,https://openalex.org/W4308751002
https://openalex.org/A5067193405,https://openalex.org/W4316669402
https://openalex.org/A5008522606,https://openalex.org/W4316669402
https://openalex.org/A5103606479,https://openalex.org/W4316669402
https://openalex.org/A5033601109,https://openalex.org/W4316669402
https://openalex.org/A5061432343,https://openalex.org/W4316669402
https://openalex.org/A5082568940,https://openalex.org/W4316669402
https://openalex.org/A5086047706,https://openalex.org/W4316669402
